recipe_title,original_line,ingredient_name,quantity,unit
California Farm Cookpad Planning,4 pounds lard $8,lard,4.0,pounds
California Farm Cookpad Planning,"1 pound each dried peppers $6, dried garlic $5, baking soda $4",,1.0,pound
California Farm Cookpad Planning,"5 liter box wine concentrate $23, to make 36 bottles of wine",box wine concentrate,5.0,liter
California Farm Cookpad Planning,7 pounds malt $30 to make 50 bottles of beer,malt,7.0,pounds
California Farm Cookpad Planning,1 pound tea $5,tea,1.0,pound
California Farm Cookpad Planning,12 dozen eggs $60,eggs,12.0,dozen
California Farm Cookpad Planning,"10 pound each frozen chicken legs $5, pork shoulder$15, salmon $60, ground beef $40, soy beans to make tofu $5",,10.0,pound
California Farm Cookpad Planning,"1 each bought fresh weekly, lettuce $2, cauliflower $2, cabbage $2, zuchini $1, cucumber 50 cents,",,1.0,each
California Farm Cookpad Planning,"2 each bought fresh weekly, Bananas $1, avocados $1, apples $2, oranges $2",,2.0,each
Idliappam (hoppers),6 cups Boiled Water,water,6.0,cups
Hoppers,2 tb yeast,yeast,2.0,tb
grilled frog hoppers,4 Cleaned frog legs,frog legs,4.0,cleaned
grilled frog hoppers,1 1/2 tsp crab boil seasoning,1/2 tsp crab boil seasoning,1.0,piece
Sugar Hoppers,3 tbsp unsweetened cocoa,unsweetened cocoa,3.0,tbsp
Sugar Hoppers,1/2 tsp vanilla,vanilla,0.5,tsp
Sugar Hoppers,6 roll on floured surface to 1/8 inch thick,on floured surface to 1/8 inch thick,6.0,roll
Sugar Hoppers,7 cut with cookie cutter,with cookie cutter,7.0,cut
Sugar Hoppers,8 bake at 350Â°F for 15 minutes,at 350Â°f,8.0,bake
String hopper/ Idiyappam,11/2 cups water,water,5.5,cups
Beetroot String Hoppers,1 tbsp ghee/oil,ghee/oil,1.0,tbsp
Beetroot String Hoppers,1/2 tsp udad dal,udad dal,0.5,tsp
Beetroot String Hoppers,1/2 tsp chana dal,chana dal,0.5,tsp
Beetroot String Hoppers,1 tsp mustard seeds,mustard seeds,1.0,tsp
Beetroot String Hoppers,1 tsp sesame seeds,sesame seeds,1.0,tsp
Beetroot String Hoppers,1 tsp finely chopped ginger,ginger,1.0,tsp
Beetroot String Hoppers,8 Serve hot.,hot.,8.0,serve
Beetroot String Hoppers,7 up Pound cake,pound cake,7.0,up
Stuffed Sweet Idiyappam (Sweet String Hoppers),2 cups Water (For Boiling),water,2.0,cups
Stuffed Sweet Idiyappam (Sweet String Hoppers),1 tsp Ghee,ghee,1.0,tsp
Stuffed Sweet Idiyappam (Sweet String Hoppers),10 Transfer it into a serving plate. Serve it as a snack or for breakfast.,it into a serving plate. serve it as a snack or,10.0,transfer
String hoppers with chicken curry,3 tomatoes roughly chopped,,3.0,tomatoes
String hoppers with chicken curry,1 mace,mace,1.0,piece
String hoppers with chicken curry,1 star anise,anise,1.0,star
String hoppers with chicken curry,4 cloves,cloves,4.0,piece
String hoppers with chicken curry,2 inch cinnamon,cinnamon,2.0,inch
String hoppers with chicken curry,2 cardamoms,cardamoms,2.0,piece
Stuffed idiyappam nool puttu string hopper,2 1/2 cup water,1/2 cup water,2.0,piece
Stuffed idiyappam nool puttu string hopper,2 onions finely chopped,,2.0,onions
Stuffed idiyappam nool puttu string hopper,1/2 tsp ginger chopped,ginger,0.5,tsp
Stuffed idiyappam nool puttu string hopper,1 tomato chopped,,1.0,tomato
Stuffed idiyappam nool puttu string hopper,1/4 tsp garam masala,garam masala,0.25,tsp
Stuffed idiyappam nool puttu string hopper,3 eggs boiled,,3.0,eggs
Idiyappam (String Hoppers),1-1/4 cup water,1-1/4 cup water,1.0,piece
Idiyappam (String Hoppers),8 Steam it for 10-12 minutes.,it,8.0,steam
Idiyappam (String Hoppers),9 Serve hot.,hot.,9.0,serve
Rice Noodles/ String Hoppers/Santhagai,2 cups idli rice,idli rice,2.0,cups
String hoppers,4 Place this moulds in a pan which is filled with steaming water.,this moulds in a pan which is filled with steaming water.,4.0,place
Kerala style idiyappam /string hoppers,1 cup rice flour/chawal ka aata,rice flour/chawal ka aata,1.0,cup
Kerala style idiyappam /string hoppers,1 1/4 th cup water,1/4 th cup water,1.0,piece
Kerala style idiyappam /string hoppers,8 Once done remove on plate & allow it to cool in room temperature.,done remove on plate & allow it to cool in room temperature.,8.0,once
Idiyappam (String Hopper),2 cups Water,water,2.0,cups
Palappam / Kerala Style Lace Hoppers,1 cup Raw rice soaked overnight or for 4-5 hours,rice,1.0,cup
Palappam / Kerala Style Lace Hoppers,1 cup Boiled cooked rice,rice,1.0,cup
Palappam / Kerala Style Lace Hoppers,1/4 tsp Instant yeast,instant yeast,0.25,tsp
Palappam / Kerala Style Lace Hoppers,1-1/2 cups Warm water,1-1/2 cups warm water,1.0,piece
Mutton string hopper biriyani,10 String hoppers (idiyapam),hoppers idiyapam,10.0,string
Mutton string hopper biriyani,1 tbsp Briyani masala,briyani masala,1.0,tbsp
Mutton string hopper biriyani,1 tsp Garam masala,garam masala,1.0,tsp
Idiyappam. Rice spring hoppers,1 cup water,water,1.0,cup
Idiyappam. Rice spring hoppers,5 Make clyndrical balls.,clyndrical balls.,5.0,make
Idiyappam. Rice spring hoppers,7 Steam cook for 5 mins.Serve with coconut chutney or coconut milk..,cook,7.0,steam
Idiyappam Upma (String Hoppers - South Indian Snack),"3 leftover idiyappam balls, shredded",idiyappam balls shredded,3.0,leftover
Idiyappam Upma (String Hoppers - South Indian Snack),1 tsp. mustard seeds,tsp. mustard seeds,1.0,piece
Idiyappam Upma (String Hoppers - South Indian Snack),1 cup frozen mixed veggies,mixed veggies,1.0,cup
Idiyappam Upma (String Hoppers - South Indian Snack),2-3 tbsp. fried peanuts,2-3 tbsp. fried peanuts,1.0,piece
Colourful Stringhoppers with Crab stew,2 cups Water + 3/4 cup,water + 3/4 cup,2.0,cups
Colourful Stringhoppers with Crab stew,1/4 tsp turmeric,turmeric,0.25,tsp
Colourful Stringhoppers with Crab stew,1/2 cup tamarind juice,tamarind juice,0.5,cup
Colourful Stringhoppers with Crab stew,1 tsp mustard seeds,mustard seeds,1.0,tsp
Colourful Stringhoppers with Crab stew,3 cups water,water,3.0,cups
Idiyappam Payasam,1 cup idiyappam (string hoppers),idiyappam string hoppers,1.0,cup
Idiyappam Payasam,1 tsp. rose water,tsp. rose water,1.0,piece
Idiyappam (Kerala Style String Hoppers),2 1/2 Cups Water Boiling,1/2 cups water boiling,2.0,piece
Rice Hoppers,2 Cups Raw rice,rice,2.0,cups
Rice Hoppers,4 Cups Water,water,4.0,cups
Rice Hoppers,1/2 Cup Rice Cooked,rice,0.5,cup
Rice Hoppers,1 Teaspoon Active Dried Yeast,active yeast,1.0,teaspoon
String hoppers / Idiyappam Delight,1 Capsicum chopped,,1.0,capsicum
String hoppers / Idiyappam Delight,1 Teaspoon soya sauce,soya sauce,1.0,teaspoon
String hoppers / Idiyappam Delight,1 First make scrambled egg.Set aside,make scrambled egg.set aside,1.0,first
String hoppers / Idiyappam Delight,2 Scramble string hoppers.,string hoppers.,2.0,scramble
Prawn stuffed string hoppers,1 Teaspoon turmeric,turmeric,1.0,teaspoon
Idiyappam,1 1/4 cup water,1/4 cup water,1.0,piece
Idiyappam,"8 Further, steam it for 10 minutes.",further steam it,8.0,piece
Idiyappam,1 1/2 Cups water,1/2 cups water,1.0,piece
Idiyappam Urad Dal Pakora,1 cup leftover Idiyappam,leftover idiyappam,1.0,cup
Idiyappam Urad Dal Pakora,"1 tsp. ginger, grated",tsp. ginger,1.0,piece
Idiyappam Urad Dal Pakora,"2-3 tbsp. coriander roots, chopped",2-3 tbsp. coriander roots,1.0,piece
Idiyappam Urad Dal Pakora,"1 tsp. kasuri methi, crushed",tsp. kasuri methi crushed,1.0,piece
Idiyappam Urad Dal Pakora,1/4 tsp. asafoetida,tsp. asafoetida,0.25,piece
Kerala idiyappam recipe| nool puttu or sevai with rice flour,1 1/2 cups salted boiling water,1/2 cups salted boiling water,1.0,piece
Idiyappam and kadalai curry,1 cup black chana,black chana,1.0,cup
Idiyappam and kadalai curry,1/4 teaspoon mustard seeds,mustard seeds,0.25,teaspoon
Vegetable Sambar Idiyappam,1 tbsp Ghee,ghee,1.0,tbsp
Vegetable Sambar Idiyappam,1 cup Hot Water (for kneading),hot water,1.0,cup
Vegetable Sambar Idiyappam,2 tbsp Yellow Moong Dal (split yellow lentils),yellow moong dal split yellow lentils,2.0,tbsp
Vegetable Sambar Idiyappam,1 Drumstick - cut into 2-inch pieces,- cut into 2-inch pieces,1.0,drumstick
Vegetable Sambar Idiyappam,1/2 tsp Mustard Seeds,mustard seeds,0.5,tsp
Vegetable Sambar Idiyappam,1/4 tsp Hing,hing,0.25,tsp
Vegetable Sambar Idiyappam,2 tbsp Sambhar Masala,sambhar masala,2.0,tbsp
Vegetable Sambar Idiyappam,1 tbsp Jaggery,jaggery,1.0,tbsp
Vegetable Sambar Idiyappam,3 cups Water,water,3.0,cups
Idiyappam with chana garlic curry,1/2 tbsp ghee,ghee,0.5,tbsp
Idiyappam with chana garlic curry,1 cup sprouts chana,sprouts chana,1.0,cup
Idiyappam with chana garlic curry,1/2 tbsp grated ginger,ginger,0.5,tbsp
Idiyappam with chana garlic curry,1/4 tbsp mustard seeds,mustard seeds,0.25,tbsp
Idiyappam with chana garlic curry,1 tablespoon chopped coriander,coriander,1.0,tablespoon
Rava Idiyappam & Paya,4 cup water,water,4.0,cup
Rava Idiyappam & Paya,1 tsp kaskas,kaskas,1.0,tsp
Rava Idiyappam & Paya,1 inch ginger,ginger,1.0,inch
Rava Idiyappam & Paya,8 garlic pods,pods,8.0,garlic
Rava Idiyappam & Paya,3 green cardamom,cardamom,3.0,green
Rava Idiyappam & Paya,1 star annise,annise,1.0,star
Idiyappam With Peas vegetable Curry,2 cup water,water,2.0,cup
Idiyappam With Peas vegetable Curry,1/2 tsp turmeric,turmeric,0.5,tsp
Idiyappam With Peas vegetable Curry,1/2 tsp garam masala,garam masala,0.5,tsp
Idiyappam With Peas vegetable Curry,1/4 tsp asafoetida,asafoetida,0.25,tsp
Idiyappam { Rice Sevai } { Morning Breakfast },1 packet rice sevai,rice sevai,1.0,packet
Idiyappam { Rice Sevai } { Morning Breakfast },1/4 bowl frozen peas,peas,0.25,bowl
Idiyappam { Rice Sevai } { Morning Breakfast },1/4 bowl frozen corn ğŸŒ½,corn ğŸŒ½,0.25,bowl
Idiyappam { Rice Sevai } { Morning Breakfast },1/2 tsp haldi,haldi,0.5,tsp
Idiyappam { Rice Sevai } { Morning Breakfast },2 tbsp chopped coriander,coriander,2.0,tbsp
Ragi millet idiyappam/ Finger millet idiyappam,11/2 cup jaggery,jaggery,5.5,cup
Ragi millet idiyappam/ Finger millet idiyappam,3/4 cup water,water,0.75,cup
Paya soup/Mutton leg soup with idiyappam/ healthy breakfast for kids,3 cloves,cloves,3.0,piece
Paya soup/Mutton leg soup with idiyappam/ healthy breakfast for kids,4 cardamoms,cardamoms,4.0,piece
Paya soup/Mutton leg soup with idiyappam/ healthy breakfast for kids,1 stick cinnamon,cinnamon,1.0,stick
Sabudana Idiyappam with sweet coconut chutney,1/2 cup Soaked sabudana -,,0.5,cup
Sabudana Idiyappam with sweet coconut chutney,1/2 cup For coconut chutney - fresh coconut -,,0.5,cup
Kothu idiyappam,4 Idiyappam,idiyappam,4.0,piece
Kothu idiyappam,2 stick Curry leaf,curry leaf,2.0,stick
Rice flour Idiyappam,2 cup water,water,2.0,cup
Idiyappam/ Rice Noodles,4 glasses water,water,4.0,glasses
Idiyappam/ Rice Noodles,"1 tsp mustard seeds,",mustard seeds,1.0,tsp
Idiyappam/ Rice Noodles,1tsp cumin seeds,1tsp cumin seeds,1.0,piece
Idiyappam/ Rice Noodles,1tsp urad dal,1tsp urad dal,1.0,piece
Curd Idiyappam,"1/2 cup yoghurt, whisked",yoghurt whisked,0.5,cup
Curd Idiyappam,1/2 tsp. mustard seeds,tsp. mustard seeds,0.5,piece
Curd Idiyappam,"2 green chilies, slit",chilies slit,2.0,green
Curd Idiyappam,2 tbsp. peanuts,tbsp. peanuts,2.0,piece
Curd Idiyappam,1 Crumbled idiyappam.,idiyappam.,1.0,crumbled
Ragi Idiyappam,1 3/4 cup water,3/4 cup water,1.0,piece
Ragi Idiyappam,"7 Finally, serve ragi idiyappam. ENJOYYY!!!",finally serve ragi idiyappam. enjoyyy!!!,7.0,piece
Sama rice nool putu (idiyappam),1 cup raw rice soaked 2hours,rice,1.0,cup
Sama rice nool putu (idiyappam),1 cup sama rice soaked 2 hours,sama rice,1.0,cup
Idiyappams,2.5 cups water,water,2.5,cups
Idiyappam (rice flour and amrutham podi),3 spoons amrutham podi,amrutham podi,3.0,spoons
Idiyappam (rice flour and amrutham podi),750 ml water,water,750.0,ml
Idiyappam With Tomato kurma,1 cup water,water,1.0,cup
Idiyappam With Tomato kurma,2 tbsp chopped spinach,spinach,2.0,tbsp
Idiyappam With Tomato kurma,1 tbsp chopped coriander,coriander,1.0,tbsp
Idiyappam With Tomato kurma,1 tsp turmeric,turmeric,1.0,tsp
Idiyappam With Tomato kurma,7 cashews,cashews,7.0,piece
Idiyappam With Tomato kurma,1 tsp garam masala,garam masala,1.0,tsp
Idiyappam With Tomato kurma,1/4 cup water,water,0.25,cup
Idiyappam With Tomato kurma,1 tej patta,patta,1.0,tej
Idiyappam,1 tbsp Ghee,ghee,1.0,tbsp
Idiyappam,2 Keep 2 glasses of boiling water ready,2 glasses of boiling water ready,2.0,keep
Idiyappam,9 Steam for 8 to 10 minutes on fast gas. We can even make big idiyappam in a holed dish,,9.0,steam
Vegetable kottu Roti,"2 cups chopped or shredded vegetables of your choice.(cabbage,",or shredded vegetables of your choice.cabbage,2.0,cups
Vegetable kottu Roti,1/2 cup left over curry (optional),left over curry optional,0.5,cup
Vegetable kottu Roti,1/4 cup crumbled paneer or toffu (optional),crumbled paneer or toffu optional,0.25,cup
Vegetable kottu Roti,1/2 tsp chopped ginger,ginger,0.5,tsp
Vegetable kottu Roti,1 tsp Lemon juice,lemon juice,1.0,tsp
Vegetable kottu Roti,1 layered roti or paratha,roti or paratha,1.0,layered
Vegetable kottu Roti,4 Serve hot.,hot.,4.0,serve
Egg kothu chapati,4 chapatis,chapatis,4.0,piece
Egg kothu chapati,3 eggs,eggs,3.0,piece
Egg kothu chapati,2 onions (chopped),,2.0,onions
Egg kothu chapati,1 tomato (chopped),,1.0,tomato
Egg kothu chapati,1/4 tsp garam masala,garam masala,0.25,tsp
Egg kothu roti,4 Rotis,rotis,4.0,piece
Egg kothu roti,6 eggs,eggs,6.0,piece
Egg kothu roti,4 Ready to serve.,to serve.,4.0,ready
Kothu Chapati,4 Chapati,chapati,4.0,piece
Kothu Chapati,3 eggs,eggs,3.0,piece
Kothu Chapati,1/2 tsp mustard seeds,mustard seeds,0.5,tsp
Kothu Chapati,2 cardamom,cardamom,2.0,piece
Kothu Chapati,2 cloves,cloves,2.0,piece
Kothu Chapati,1/2 tsp garam masala,garam masala,0.5,tsp
Kothu Chapathi,4 Chapathi,chapathi,4.0,piece
Kothu Chapathi,1/2 cup any kuruma/salna,any kuruma/salna,0.5,cup
Kothu Chapathi,1 onion chopped,,1.0,onion
Kothu Chapathi,1 tomato chopped,,1.0,tomato
Kothu Chapathi,1 Cut chapathi into pieces. Keep it aside,chapathi into pieces. keep it aside,1.0,cut
Lauki kottu,1/2 teaspoon mustard seeds,mustard seeds,0.5,teaspoon
Lauki kottu,1/2 teaspoon urad daal,urad daal,0.5,teaspoon
Lauki kottu,1/2 teaspoon jeera / cumin,jeera / cumin,0.5,teaspoon
Lauki kottu,1 handful yellow moong dal,yellow moong dal,1.0,handful
Lauki kottu,1 handful toor daal,toor daal,1.0,handful
Malabar kothu parotta (Egg minced bread),1 tsp minced ginger,ginger,1.0,tsp
Malabar kothu parotta (Egg minced bread),2 large eggs,eggs,2.0,large
Malabar kothu parotta (Egg minced bread),1/4 cup chopped cilantro,cilantro,0.25,cup
Malabar kothu parotta (Egg minced bread),1 tsp lemon/lime juice,lemon/lime juice,1.0,tsp
Malabar kothu parotta (Egg minced bread),7 Serve hot.,hot.,7.0,serve
Kothu Parotta,4 Layered Parotta,parotta,4.0,layered
Kothu Parotta,4 Eggs,eggs,4.0,piece
Kothu Parotta,2 onion (chopped finely),finely,2.0,onion
Kothu Parotta,1 Bay Leaf,leaf,1.0,bay
Kothu Parotta,1 small cinnamon,cinnamon,1.0,small
Kothu Parotta,1/2 tsp Cumin Seeds,cumin seeds,0.5,tsp
Neymeen kothu fry,1/2 tsp perumgeera,perumgeera,0.5,tsp
Neymeen kothu fry,1/2 tsp coriander whole(optional),coriander wholeoptional,0.5,tsp
Neymeen kothu fry,2 tsp Tamarind water,tamarind water,2.0,tsp
Neymeen kothu fry,1 Grind 2-10 ingredients.,2-10 ingredients.,1.0,grind
Neymeen kothu fry,5 Serve it hot with rice or chappatis,it hot with rice or chappatis,5.0,serve
Egg kothu idly,4 idly,idly,4.0,piece
Egg kothu idly,10 cashews,cashews,10.0,piece
Egg kothu idly,1 tsp chopped ginger,ginger,1.0,tsp
Egg kothu idly,2 eggs,eggs,2.0,piece
Kothu chappathi,3 chappathi,chappathi,3.0,piece
Kothu chappathi,1 g coriander,coriander,1.0,g
Kothu chappathi,1/8 tsp Turmeric,turmeric,0.125,tsp
Kothu Paratha,5 Roti/ chapati,roti/ chapati,5.0,piece
Kothu Paratha,3 tbsp Aloo gobhi sabji,aloo gobhi sabji,3.0,tbsp
Kothu Paratha,1 tsp peanuts,peanuts,1.0,tsp
Kothu Paratha,1/2 tsp mustard,mustard,0.5,tsp
Kothu Paratha,1/4 tsp cumin seeds/ jeera,cumin seeds/ jeera,0.25,tsp
Kothu Neer Dosa/ Kuttu Dosa,1 tsp Mustard seeds,mustard seeds,1.0,tsp
Kothu Neer Dosa/ Kuttu Dosa,1 tsp Chana dal,chana dal,1.0,tsp
Kothu Neer Dosa/ Kuttu Dosa,2 pinch Hing,hing,2.0,pinch
Kothu Neer Dosa/ Kuttu Dosa,2 Prepared Neer Dosas Ragi Millet Dosa (Ragi Dose),neer dosas ragi millet dosa ragi dose,2.0,prepared
Kothu Neer Dosa/ Kuttu Dosa,1 tablespoon Water(use only if needed if mixture gets too dry),wateruse only if needed if mixture gets too dry,1.0,tablespoon
Cabbage Kottu,1/2 cup Cabbage,cabbage,0.5,cup
Cabbage Kottu,2 tsp Moong dal,moong dal,2.0,tsp
Kothu kaari Kulambu,200 grams kothukari,kothukari,200.0,grams
Kothu Chappathi,2 Chappathi,chappathi,2.0,piece
Kothu Chappathi,2 eggs,eggs,2.0,piece
Kothu Chappathi,1 cup any kuruma (veg or nonveg),any kuruma veg or nonveg,1.0,cup
Kothu Chappathi,1 Chop chappathis into fine pieces.,chappathis into fine pieces.,1.0,chop
Egg Kothu Parotta,1/4 cup frozen peas,peas,0.25,cup
Egg Kothu Parotta,2 Eggs,eggs,2.0,piece
Egg Kothu (Minced) Paratha,4 parathas shredded,shredded,4.0,parathas
Egg Kothu (Minced) Paratha,1 onion finely chopped,,1.0,onion
Egg Kothu (Minced) Paratha,1 tomato finely chopped,,1.0,tomato
Mutton kheema Kothu Curry Masala,3 onions (finely chopped),,3.0,onions
Mutton kheema Kothu Curry Masala,1 tomato (chopped),,1.0,tomato
Mutton kheema Kothu Curry Masala,1/4 cup water,water,0.25,cup
Fried chicken kothu parotta,1 tbsp ginger paste,ginger paste,1.0,tbsp
Fried chicken kothu parotta,3 eggs,eggs,3.0,piece
Fried chicken kothu parotta,6 maida parotta,parotta,6.0,maida
Kothu chapathi,"4 Chapati, cut into strips",chapati cut into strips,4.0,piece
Kothu chapathi,2 Eggs scrambled,scrambled,2.0,eggs
Kothu chapathi,2 Onion sliced,,2.0,onion
Kothu chapathi,1 Tomato chopped,,1.0,tomato
Kothu chapathi,Calpis for 30 oz glass,calpis,1.0,piece
Mundri kothu moong dal balls,750 gm palm jaggery,palm jaggery,750.0,gm
Hot â€˜andâ€™ Spicy Chicken Kothu Paratha,4 left over or freshly made parathas,over or freshly made parathas,4.0,left
Hot â€˜andâ€™ Spicy Chicken Kothu Paratha,1 tbsp soy sauce,soy sauce,1.0,tbsp
Hot â€˜andâ€™ Spicy Chicken Kothu Paratha,2 tbsp ketchup,ketchup,2.0,tbsp
Hot â€˜andâ€™ Spicy Chicken Kothu Paratha,1 tsp garam masala,garam masala,1.0,tsp
Hot â€˜andâ€™ Spicy Chicken Kothu Paratha,1/2 cup curd,curd,0.5,cup
Kothu Parotta,1 tsp mustard seeds,mustard seeds,1.0,tsp
Kothu Parotta,1/2 tsp cumin seeds,cumin seeds,0.5,tsp
Kothu Parotta,1/4 tsp asafoetida,asafoetida,0.25,tsp
Kothu Parotta,1/2 cup gravy / stock,gravy / stock,0.5,cup
Murungai Keerai Poricha Kottu,2 cups Murungai keerai or Moringa,murungai keerai or moringa,2.0,cups
Murungai Keerai Poricha Kottu,1 cup Moong dal,moong dal,1.0,cup
Murungai Keerai Poricha Kottu,1 tsp Cumin/jeera,cumin/jeera,1.0,tsp
Murungai Keerai Poricha Kottu,1 tbspn Oil/ghee,oil/ghee,1.0,tbspn
Murungai Keerai Poricha Kottu,1/4 tsp Mustard seeds,mustard seeds,0.25,tsp
Egg Kothu Parotta,5 Parotta,parotta,5.0,piece
Egg Kothu Parotta,2 Onion chopped,,2.0,onion
Egg Kothu Parotta,2 Tomato chopped,,2.0,tomato
Egg Kothu Parotta,5 Eggs,eggs,5.0,piece
Egg Kothu Parotta,1 tsp Mustard seeds,mustard seeds,1.0,tsp
Kottu Egg Parotta,2 small leftover paranthas(Kerela/any normal),leftover paranthaskerela/any normal,2.0,small
Kottu Egg Parotta,1.5 teaspoon cumin seeds,cumin seeds,1.5,teaspoon
Kothu Parota,5 Ready made Kerala Parota,made kerala parota,5.0,ready
Kothu Parota,1 Onion big,big,1.0,onion
Kothu Parota,1 Carrot big,big,1.0,carrot
Kothu Parota,9 Garnish with chopped coriander.,with coriander.,9.0,garnish
Sri Lankan Yellow Rice (Kaha Bath),6 Cups water,water,6.0,cups
Sri Lankan Yellow Rice (Kaha Bath),4 Cloves,cloves,4.0,piece
Sri Lankan Yellow Rice (Kaha Bath),3-4 Cinnamon sticks,3-4 cinnamon sticks,1.0,piece
Sri Lankan Yellow Rice (Kaha Bath),4 Cardamom Pods,pods,4.0,cardamom
Sri Lankan Yellow Rice (Kaha Bath),1 Pandan leaf,leaf,1.0,pandan
Sri Lankan Yellow Rice (Kaha Bath),1 Teaspoon Turmeric,turmeric,1.0,teaspoon
Sri Lankan Yellow Rice (Kaha Bath),1 tablespoon Pure Ghee,pure ghee,1.0,tablespoon
Stir-Fried Yellow Rice Noodles with Soy Sauce (Pad See Ew),2 large eggs,eggs,2.0,large
Yellow Rice with JalapeÃ±os and Tomatoes,1/4 tsp Turmeric,turmeric,0.25,tsp
Yellow Rice with JalapeÃ±os and Tomatoes,1 3/4 cups Water*,3/4 cups water*,1.0,piece
Hainanese Chicken with Yellow Rice,1 tsp Cooking Wine,cooking wine,1.0,tsp
Hainanese Chicken with Yellow Rice,1/2 tsp Ground Turmeric,turmeric,0.5,tsp
Hainanese Chicken with Yellow Rice,1 cup Jasmine Rice,jasmine rice,1.0,cup
Hainanese Chicken with Yellow Rice,1 tsp Ground Turmeric,turmeric,1.0,tsp
Hainanese Chicken with Yellow Rice,2 tbsp Soy Sauce,soy sauce,2.0,tbsp
Hainanese Chicken with Yellow Rice,1/2 tbsp Minced Ginger,ginger,0.5,tbsp
Burrito bowl - Meal prep,2 cup Store-bought yellow rice,store-,2.0,cup
Burrito bowl - Meal prep,0.5 tbsp gochujang (Korean chili paste),gochujang korean chili paste,0.5,tbsp
Burrito bowl - Meal prep,0.5 tbsp soy sauce,soy sauce,0.5,tbsp
Burrito bowl - Meal prep,0.75 tsp taco seasoning,taco seasoning,0.75,tsp
Burrito bowl - Meal prep,1/4 tsp paprika,paprika,0.25,tsp
Burrito bowl - Meal prep,2 bell peppers (sliced),peppers,2.0,bell
Burrito bowl - Meal prep,2 onions (sliced),,2.0,onions
Burrito bowl - Meal prep,1 tsp taco seasoning,taco seasoning,1.0,tsp
Burrito bowl - Meal prep,1/2 tsp paprika,paprika,0.5,tsp
Burrito bowl - Meal prep,3 tomatoes (diced),,3.0,tomatoes
Burrito bowl - Meal prep,1 jalapeÃ±o (finely chopped),,1.0,jalapeÃ±o
Burrito bowl - Meal prep,1 tbsp cilantro,cilantro,1.0,tbsp
Burrito bowl - Meal prep,1/2 tsp cumin,cumin,0.5,tsp
Burrito bowl - Meal prep,2 tomatoes (pureed) (optional),pureed optional,2.0,tomatoes
Oven-Baked Lamb Chops with Rice,3 1/3 â€“4 lbs lamb chops (about 1500â€“1800 grams),1/3 â€“4 lbs lamb chops about 1500â€“1800 grams,3.0,piece
Oven-Baked Lamb Chops with Rice,1 tablespoon fresh or dried mint,or mint,1.0,tablespoon
Oven-Baked Lamb Chops with Rice,1 tablespoon dried oregano,oregano,1.0,tablespoon
Oven-Baked Lamb Chops with Rice,2 tablespoons chopped parsley,parsley,2.0,tablespoons
Oven-Baked Lamb Chops with Rice,2 tablespoons vinegar,vinegar,2.0,tablespoons
Oven-Baked Lamb Chops with Rice,3 â€“4 cups water (about 700â€“950 ml),â€“4 cups water about 700â€“950 ml,3.0,piece
Oven-Baked Lamb Chops with Rice,"1 garlic clove, sliced",clove,1.0,garlic
Oven-Baked Lamb Chops with Rice,1 teaspoon sweet paprika,sweet paprika,1.0,teaspoon
Soutzoukakia with Rice,1 1/2 cups yellow rice,1/2 cups yellow rice,1.0,piece
Soutzoukakia with Rice,1 chicken bouillon cube,bouillon cube,1.0,chicken
Soutzoukakia with Rice,1 1/2 cups water,1/2 cups water,1.0,piece
Yellow rice from scratch,3 Serve alone or use as side,alone or use as side,3.0,serve
Yellow Rice and Sausage 2023,2 cups yellow rice dinner mix or two bags,yellow rice dinner mix or two bags,2.0,cups
Yellow Rice and Sausage 2023,2nd for yellow rice,2nd,1.0,piece
Turmeric Yellow Rice (instant pot),7 cups water,water,7.0,cups
Turmeric Yellow Rice (instant pot),1 tbs parsley,parsley,1.0,tbs
Chickpea Salad Without Oil,4.5 oz dried chickpeas (about 125 grams) or 9 oz cooked chickpeas (about 250 grams),chickpeas about 125 grams or 9 oz chickpeas about 250 grams,4.5,oz
Chickpea Salad Without Oil,1/2 cup yellow rice (about 90 grams),yellow rice about 90 grams,0.5,cup
Chickpea Salad Without Oil,2 zucchini,zucchini,2.0,piece
Chickpea Salad Without Oil,2 carrots (optional),optional,2.0,carrots
Chickpea Salad Without Oil,3-4 tablespoons corn,3-4 tablespoons corn,1.0,piece
Chickpea Salad Without Oil,1 vegetable bouillon cube (optional),bouillon cube optional,1.0,vegetable
Chickpea Salad Without Oil,1 teaspoon honey,honey,1.0,teaspoon
Chickpea Salad Without Oil,2 tablespoons mustard,mustard,2.0,tablespoons
Chickpea Salad Without Oil,3 tablespoons balsamic vinegar or lemon juice,balsamic vinegar or lemon juice,3.0,tablespoons
Ground Beef Enchiladas,4 pieces Corn tortillas,corn tortillas,4.0,pieces
Ground Beef Enchiladas,200 ml Enchilada sauce,enchilada sauce,200.0,ml
Ground Beef Enchiladas,100 g Shredded cheese (mozzarella or Mexican blend),shredded cheese mozzarella or mexican blend,100.0,g
Ground Beef Enchiladas,100 g (optional) Cooked yellow rice (side),optional yellow rice side,100.0,g
Ground Beef Enchiladas,2 Warm tortillas slightly to make them flexible.,tortillas slightly,2.0,warm
Ground Beef Enchiladas,"3 Fill each tortilla with cooked beef, roll up, and place in a baking dish.",,3.0,fill
Ground Beef Enchiladas,5 Sprinkle shredded cheese generously on top.,shredded cheese generously on top.,5.0,sprinkle
Ground Beef Enchiladas,6 Bake at 180Â°C (350Â°F) for 15 minutes until cheese is melted.,at 180Â°c 350Â°f,6.0,bake
Quick & Easy Chicken Rice Dinner ğŸ¥˜,2 cups your favorite packaged yellow rice (uncooked),your favorite packaged yellow rice uncooked,2.0,cups
Quick & Easy Chicken Rice Dinner ğŸ¥˜,"5 Fluff with a fork, serve and enjoy ğŸ˜‰!!!!",with a,5.0,fluff
Lemon Chicken with Pilaf,1 cup yellow rice,yellow rice,1.0,cup
Lemon Chicken with Pilaf,1 cup mixed vegetables,mixed vegetables,1.0,cup
Roasted Peri-peri Chicken w/ Yellow Rice,2 tbsp calamansi juice or lemon,calamansi juice or lemon,2.0,tbsp
Roasted Peri-peri Chicken w/ Yellow Rice,1/2 tsp dried thyme,thyme,0.5,tsp
Roasted Peri-peri Chicken w/ Yellow Rice,1/4 tsp cinnamon,cinnamon,0.25,tsp
Roasted Peri-peri Chicken w/ Yellow Rice,2 tbsp Spanish paprika,spanish paprika,2.0,tbsp
Roasted Peri-peri Chicken w/ Yellow Rice,2 cups rice,rice,2.0,cups
Roasted Peri-peri Chicken w/ Yellow Rice,3 cups water,water,3.0,cups
Roasted Peri-peri Chicken w/ Yellow Rice,1/4 cup mayonnaise,mayonnaise,0.25,cup
Roasted Peri-peri Chicken w/ Yellow Rice,1 tbsp hot sauce,hot sauce,1.0,tbsp
Roasted Peri-peri Chicken w/ Yellow Rice,2 tsp vinegar,vinegar,2.0,tsp
Simple Yellow Rice ğ“¥ (ğ™¿ğš•ğšŠğš—ğš ğ™±ğšŠğšœğšğš ğ™¼ğšŠğš–ğšŠğšœğŸŒ¿),1/2 TBSP Turmeric for color,turmeric,0.5,tbsp
Simple Yellow Rice ğ“¥ (ğ™¿ğš•ğšŠğš—ğš ğ™±ğšŠğšœğšğš ğ™¼ğšŠğš–ğšŠğšœğŸŒ¿),5 Fluff with a fork when completely and enjoy!,with a,5.0,fluff
Yellow Rice and Lentils with Chicken,1-1/2 cup yellow rice mix,1-1/2 cup yellow rice mix,1.0,piece
Yellow Rice and Lentils with Chicken,2 tablespoons harissa,harissa,2.0,tablespoons
Yellow Rice and Lentils with Chicken,1 tablespoon capers,capers,1.0,tablespoon
Yellow Rice and Lentils with Chicken,15 ounces English peas,english peas,15.0,ounces
Yellow Rice and Lentils with Chicken,1-1/2 cup water,1-1/2 cup water,1.0,piece
Yellow Rice and Lentils with Chicken,2 ounces fontina cheese chunks,fontina cheese chunks,2.0,ounces
Yellow Rice and Lentils with Chicken,1/2 cup grated Parmigiano-Reggiano cheese topping,parmigiano-reggiano cheese topping,0.5,cup
Yellow Rice and Lentils with Chicken,10th for yellow rice,10th,1.0,piece
Smoked Beef Sausage and Yellow Rice,1 cup yellow rice,yellow rice,1.0,cup
Smoked Beef Sausage and Yellow Rice,2 cups water,water,2.0,cups
Smoked Beef Sausage and Yellow Rice,1 cup English peas,english peas,1.0,cup
Smoked Beef Sausage and Yellow Rice,9th for yellow rice,9th,1.0,piece
Seafood fried rice,1 cup crawfish tails,crawfish tails,1.0,cup
Seafood fried rice,1 tsp Cajun seasoning plus extra for shrimp,cajun seasoning plus extra,1.0,tsp
Seafood fried rice,1/2 tsp Old Bay seasoning,old bay seasoning,0.5,tsp
Seafood fried rice,1 tsp dried parsley,parsley,1.0,tsp
Seafood fried rice,1 tsp dried dill,dill,1.0,tsp
Rice and Stuff,2 cups jasmine rice,jasmine rice,2.0,cups
Rice and Stuff,3 pounds ground chuck,chuck,3.0,pounds
Rice and Stuff,2 cup water,water,2.0,cup
Rice and Stuff,3 Serve I hope you enjoy!!!,i hope you enjoy!!!,3.0,serve
Sausage and Yellow Rice Soup,1 tablespoon saffron threads,saffron threads,1.0,tablespoon
Sausage and Yellow Rice Soup,3 envelopes yellow rice 1 pound total,yellow rice 1 pound total,3.0,envelopes
Sausage and Yellow Rice Soup,1 cup petite English peas,petite english peas,1.0,cup
Basil Yellow Rice,100 gr rice,rice,100.0,gr
Basil Yellow Rice,150 ml water,water,150.0,ml
Basil Yellow Rice,7 cloves shallots,shallots,7.0,cloves
Basil Yellow Rice,"2 chilli (if you like spicy, otherwise donâ€™t use it)",if you like spicy otherwise donâ€™t use it,2.0,chilli
Basil Yellow Rice,2 tsp shrimp paste,shrimp paste,2.0,tsp
Basil Yellow Rice,2 cm turmeric,turmeric,2.0,cm
Cape Malay Chicken Curry with Yellow Rice,2 tablespoons finely grated ginger,ginger,2.0,tablespoons
Cape Malay Chicken Curry with Yellow Rice,5 cloves,cloves,5.0,piece
Cape Malay Chicken Curry with Yellow Rice,2 teaspoons turmeric,turmeric,2.0,teaspoons
Cape Malay Chicken Curry with Yellow Rice,1 teaspoon coriander,coriander,1.0,teaspoon
Cape Malay Chicken Curry with Yellow Rice,1 teaspoon cumin,cumin,1.0,teaspoon
Cape Malay Chicken Curry with Yellow Rice,2 tablespoons mango chutney,mango chutney,2.0,tablespoons
Cape Malay Chicken Curry with Yellow Rice,"1 chicken stock cube, crumbled",stock cube crumbled,1.0,chicken
Cape Malay Chicken Curry with Yellow Rice,350 g (12 3/10 oz) basmati rice,12 3/10 oz basmati rice,350.0,g
Cape Malay Chicken Curry with Yellow Rice,50 g (1.76 oz) raisins,1.76 oz raisins,50.0,g
Chicken Shawarma w/ White Sauce and Fluffy Yellow Rice,4 Preheat Oven to 350 F/ 175 C,oven to 350 f/ 175 c,4.0,preheat
Chicken Shawarma w/ White Sauce and Fluffy Yellow Rice,6th for yellow rice,6th,1.0,piece
Southwestern stuffed poblanos,10 oz Enchilada sauce,enchilada sauce,10.0,oz
Southwestern stuffed poblanos,1/4 cup cilantro,cilantro,0.25,cup
Southwestern stuffed poblanos,1 tbsp ranch seasoning,ranch seasoning,1.0,tbsp
Vegetarian Halal Cart-Style Chickâ€™n and Rice ğ“¥ğ“– (ğ™¿ğš•ğšŠğš—ğš ğ™±ğšŠğšœğšğš ğ™¼ğšŠğš–ğšŠğšœğŸŒ¿),4 large spoonfuls of mayo,spoonfuls of mayo,4.0,large
Vegetarian Halal Cart-Style Chickâ€™n and Rice ğ“¥ğ“– (ğ™¿ğš•ğšŠğš—ğš ğ™±ğšŠğšœğšğš ğ™¼ğšŠğš–ğšŠğšœğŸŒ¿),1 single serving size of plain Greek yogurt,serving size of plain greek yogurt,1.0,single
Vegetarian Halal Cart-Style Chickâ€™n and Rice ğ“¥ğ“– (ğ™¿ğš•ğšŠğš—ğš ğ™±ğšŠğšœğšğš ğ™¼ğšŠğš–ğšŠğšœğŸŒ¿),1/2 TSP fresh dill (dried works too),dill works too,0.5,tsp
Vegetarian Halal Cart-Style Chickâ€™n and Rice ğ“¥ğ“– (ğ™¿ğš•ğšŠğš—ğš ğ™±ğšŠğšœğšğš ğ™¼ğšŠğš–ğšŠğšœğŸŒ¿),1/2 TBSP Turmeric for color,turmeric,0.5,tbsp
Vegetarian Halal Cart-Style Chickâ€™n and Rice ğ“¥ğ“– (ğ™¿ğš•ğšŠğš—ğš ğ™±ğšŠğšœğšğš ğ™¼ğšŠğš–ğšŠğšœğŸŒ¿),2 TBSP lemon juice,lemon juice,2.0,tbsp
Vegetarian Halal Cart-Style Chickâ€™n and Rice ğ“¥ğ“– (ğ™¿ğš•ğšŠğš—ğš ğ™±ğšŠğšœğšğš ğ™¼ğšŠğš–ğšŠğšœğŸŒ¿),1 TBSP oregano,oregano,1.0,tbsp
Vegetarian Halal Cart-Style Chickâ€™n and Rice ğ“¥ğ“– (ğ™¿ğš•ğšŠğš—ğš ğ™±ğšŠğšœğšğš ğ™¼ğšŠğš–ğšŠğšœğŸŒ¿),1 entire package of Gardein Meatless Chickâ€™n Strips,package of gardein meatless chickâ€™n strips,1.0,entire
Vegetarian Halal Cart-Style Chickâ€™n and Rice ğ“¥ğ“– (ğ™¿ğš•ğšŠğš—ğš ğ™±ğšŠğšœğšğš ğ™¼ğšŠğš–ğšŠğšœğŸŒ¿),3rd for halal,3rd,1.0,piece
Yellow Rice with Vermicelli Ø§Ù„Ø±Ø² Ø§Ù„Ø£ØµÙØ± Ù…Ø¹ Ø´Ø¹Ø±ÙŠÙ‡,1/3 cup vermicelli,vermicelli,0.3333333333333333,cup
Yellow Rice with Vermicelli Ø§Ù„Ø±Ø² Ø§Ù„Ø£ØµÙØ± Ù…Ø¹ Ø´Ø¹Ø±ÙŠÙ‡,1/8 teaspoon saffron food color,saffron food color,0.125,teaspoon
Yellow Rice with Vermicelli Ø§Ù„Ø±Ø² Ø§Ù„Ø£ØµÙØ± Ù…Ø¹ Ø´Ø¹Ø±ÙŠÙ‡,1 chicken bouillon cubes,bouillon cubes,1.0,chicken
Yellow Rice with Vermicelli Ø§Ù„Ø±Ø² Ø§Ù„Ø£ØµÙØ± Ù…Ø¹ Ø´Ø¹Ø±ÙŠÙ‡,11/3 cup water boiling,water boiling,3.6666666666666665,cup
Yellow Rice with Vermicelli Ø§Ù„Ø±Ø² Ø§Ù„Ø£ØµÙØ± Ù…Ø¹ Ø´Ø¹Ø±ÙŠÙ‡,1 teaspoon ghee home made,ghee home made,1.0,teaspoon
Burrito,1 pack Yellow rice,yellow rice,1.0,pack
Burrito,3 Tbsp. finely chopped fresh cilantro,tbsp. cilantro,3.0,piece
Burrito,"1 bell peppers, thinly sliced",peppers,1.0,bell
Burrito,1-2 Tbsp. taco seasoning (homemade or store-bought)* I use Siete brand,1-2 tbsp. taco seasoning homemade or store-,1.0,piece
Burrito,2 tsp. hot sauce,tsp. hot sauce,2.0,piece
Burrito,1/2 tsp. ground cumin,tsp. cumin,0.5,piece
Burrito,1 ripe avocado,avocado,1.0,ripe
Quick Ground Turkey ğŸ¦ƒ Chili ğŸŒ¶ï¸,3 pounds lean ground turkey,lean turkey,3.0,pounds
Quick Ground Turkey ğŸ¦ƒ Chili ğŸŒ¶ï¸,1/4 teaspoon ground cumin,cumin,0.25,teaspoon
Quick Ground Turkey ğŸ¦ƒ Chili ğŸŒ¶ï¸,1/2 tablespoon Sazon with achiote,sazon with achiote,0.5,tablespoon
Quick Ground Turkey ğŸ¦ƒ Chili ğŸŒ¶ï¸,3 Next sautÃ© your ground turkey until no pink remains â€¦â€¦,sautÃ© your turkey until no pink remains â€¦â€¦,3.0,next
Quick Ground Turkey ğŸ¦ƒ Chili ğŸŒ¶ï¸,6 Top each serving with triple shredded cheddar cheese and enjoy ğŸ˜‰!,,6.0,top
Quick Ground Turkey ğŸ¦ƒ Chili ğŸŒ¶ï¸,Turkey Chili Turkey Chili inspired by recipe here: https://jdboelter.blogspot.com/2015/10/turkey-chili-recipe-nyt-cooking_30.html Oanh Luong,turkey chili turkey chili inspired by recipe here: https://jdboelter.blogspot.com/2015/10/turkey-chili-recipe-nyt-cooking_30.html oanh luong,1.0,piece
Indonesian Rendang and Yellow Rice,2 lemongrass,lemongrass,2.0,piece
Indonesian Rendang and Yellow Rice,2 cm galangal,galangal,2.0,cm
Indonesian Rendang and Yellow Rice,8 shallots,shallots,8.0,piece
Indonesian Rendang and Yellow Rice,5 candlenuts,candlenuts,5.0,piece
Indonesian Rendang and Yellow Rice,2 packets Indofood Rendang paste,indofood rendang paste,2.0,packets
Indonesian Rendang and Yellow Rice,3 cups rice,rice,3.0,cups
Indonesian Rendang and Yellow Rice,1 lemongrass,lemongrass,1.0,piece
Brown Rice Pudding with Dried Cranberries and Almond Milk,1 cup brown rice (about 200 grams),brown rice about 200 grams,1.0,cup
Brown Rice Pudding with Dried Cranberries and Almond Milk,1 splash almond extract,almond extract,1.0,splash
Brown Rice Pudding with Dried Cranberries and Almond Milk,3.5 oz dried cranberries (about 100 grams),cranberries about 100 grams,3.5,oz
Brown Rice Pudding with Dried Cranberries and Almond Milk,"3 Let it simmer for a few more minutes, then turn off the heat.",it simmer,3.0,let
Brown Rice Pudding with Dried Cranberries and Almond Milk,2smile spicy queso dip,2smile spicy queso dip,1.0,piece
Rice Atole without Milk with Splenda,1/4 cup rice,rice,0.25,cup
Rice Atole without Milk with Splenda,2 packets Splenda,splenda,2.0,packets
Rice Atole without Milk with Splenda,1 handful raisins,raisins,1.0,handful
Rice Atole without Milk with Splenda,1 tablespoon cornstarch,cornstarch,1.0,tablespoon
Milk Chocolate and Puffed Rice Brownies,2 eggs,eggs,2.0,piece
Milk Chocolate and Puffed Rice Brownies,"No-Fail Rice Cooker Brownie Chocolate Cake No-Fail Rice Cooker Brownie Chocolate Cake Guaranteed success for beginners on the first try! Even without an oven, you can easily make a delicious classic brownie cake using a rice cooker at home â™¡ FB:www.facebook.com/AnshaCuisine Tips ï¼ŠThere are 2 ways to use a Tatung rice cooker, which affect the texture: 1. Use it like an electric rice cooker, without adding water to the outer pot. 2. Add 1 cup of water to the outer pot and steam-bake. Once it switches off, let it sit to finish cooking. (Note: The rice cooker is designed to have water in the outer pot, so using the first method might be improper!) ï¼ŠThe heat and timing for each brand of rice cooker or electric cooker may vary. The total time is about 40-50 minutes. å®‰å¤ Translated from Cookpad Taiwan",no-fail rice cooker brownie chocolate cake no-fail rice cooker brownie chocolate cake guaranteed success,1.0,piece
Traditional Rice Pudding with Cornstarch and Vanilla,1/2 cup medium-grain rice (about 100 grams),medium-grain rice about 100 grams,0.5,cup
Traditional Rice Pudding with Cornstarch and Vanilla,2 cups water (about 480 ml),water about 480 ml,2.0,cups
Traditional Rice Pudding with Cornstarch and Vanilla,2 tablespoons cornstarch (about 16 grams),cornstarch about 16 grams,2.0,tablespoons
Traditional Rice Pudding with Cornstarch and Vanilla,1 teaspoon vanilla extract,vanilla extract,1.0,teaspoon
Traditional Rice Pudding with Cornstarch and Vanilla,"3 Simmer for 10 minutes, until the rice starts to soften.",,3.0,simmer
Sweet Saffron Rice (Meethe Kesariya Chawal),1 cup rice (about 200 grams),rice about 200 grams,1.0,cup
Sweet Saffron Rice (Meethe Kesariya Chawal),1/4 cup ghee (about 60 ml),ghee about 60 ml,0.25,cup
Sweet Saffron Rice (Meethe Kesariya Chawal),"1/2 teaspoon saffron threads, soaked in 2 teaspoons milk",saffron threads,0.5,teaspoon
Sweet Saffron Rice (Meethe Kesariya Chawal),"1 teaspoon pistachios, finely chopped",pistachios,1.0,teaspoon
Simple and Delicious Rice Pudding,1/2 cup Carolina rice (about 100 grams),carolina rice about 100 grams,0.5,cup
Simple and Delicious Rice Pudding,1 3/4-2 cups water (400-450 grams),3/4-2 cups water 400-450 grams,1.0,piece
Simple and Delicious Rice Pudding,1/2 teaspoon vanilla,vanilla,0.5,teaspoon
Simple and Delicious Rice Pudding,4-5 tablespoons cornstarch,4-5 tablespoons cornstarch,1.0,piece
"Creamy, Aromatic Rice Pudding with Cornstarch",1/2 cup short-grain or Carolina rice (about 100 grams),short-grain or carolina rice about 100 grams,0.5,cup
"Creamy, Aromatic Rice Pudding with Cornstarch",1 packet vanilla-flavored cornstarch pudding mix,vanilla-flavored cornstarch pudding mix,1.0,packet
Rice Pudding with Vanilla Cornstarch,3/4 cup medium-grain or Carolina rice (about 150 grams),medium-grain or carolina rice about 150 grams,0.75,cup
Rice Pudding with Vanilla Cornstarch,2 1/2 cups water (about 600 ml),1/2 cups water about 600 ml,2.0,piece
Rice Pudding with Vanilla Cornstarch,1 packet vanilla-flavored cornstarch pudding mix,vanilla-flavored cornstarch pudding mix,1.0,packet
Mom's Rizogalo (Greek Rice Pudding),4 tablespoons Carolina rice,carolina rice,4.0,tablespoons
Mom's Rizogalo (Greek Rice Pudding),"2 tablespoons cornstarch, leveled",cornstarch leveled,2.0,tablespoons
Mom's Rizogalo (Greek Rice Pudding),1 packet vanilla,vanilla,1.0,packet
Mom's Rizogalo (Greek Rice Pudding),6 Good luck!,luck!,6.0,good
Homemade Rice Pudding,1 cup Carolina rice (about 200 grams),carolina rice about 200 grams,1.0,cup
Homemade Rice Pudding,2 tablespoons cornstarch (about 16 grams),cornstarch about 16 grams,2.0,tablespoons
Homemade Rice Pudding,"5 Stir for about a minute, then turn off the heat and let it cool.",,5.0,stir
Homemade Rice Pudding,"7 Once it reaches room temperature, sprinkle with cinnamon.",it reaches room temperature sprinkle with cinnamon.,7.0,once
Classic Rice Pudding,1 1/4 cups rice (250 grams),1/4 cups rice 250 grams,1.0,piece
Grandma's Rice Pudding,3/4 cup medium-grain or Carolina rice (about 150 grams),medium-grain or carolina rice about 150 grams,0.75,cup
Grandma's Rice Pudding,2 1/2 cups water (about 600 ml) for boiling the rice,1/2 cups water about 600 ml,2.0,piece
Grandma's Rice Pudding,3 heaping tablespoons cornstarch (about 40 grams),tablespoons cornstarch about 40 grams,3.0,heaping
Grandma's Rice Pudding,2 packets vanilla extract,vanilla extract,2.0,packets
Rice Pudding (Lidl Bread Maker),"3/4 cup short-grain rice (about 175 grams, such as Arborio or Valencia)",short-grain rice about 175 grams such as arborio or valencia,0.75,cup
Rice Pudding (Lidl Bread Maker),2 star anise,anise,2.0,star
Rice Pudding (Lidl Bread Maker),"5 Before serving, sprinkle ground cinnamon on top if desired.",serving sprinkle cinnamon on top if desired.,5.0,before
Creamy Rice Pudding,1/2 cup uncooked short-grain rice (85 grams),uncooked short-grain rice 85 grams,0.5,cup
Creamy Rice Pudding,2 cinnamon sticks,sticks,2.0,cinnamon
My Mom's Rice Pudding,1 cup rice,rice,1.0,cup
Rizogalo (Greek Rice Pudding),4 tablespoons short-grain rice,short-grain rice,4.0,tablespoons
Rizogalo (Greek Rice Pudding),1 cup water,water,1.0,cup
Rizogalo (Greek Rice Pudding),2 tablespoons cornstarch,cornstarch,2.0,tablespoons
Kesar Mewa Sweet Rice,2 cups basmati rice (about 400 grams),basmati rice about 400 grams,2.0,cups
Kesar Mewa Sweet Rice,4 tablespoons ghee (about 60 grams),ghee about 60 grams,4.0,tablespoons
Kesar Mewa Sweet Rice,1 pinch saffron strands,saffron strands,1.0,pinch
Kesar Mewa Sweet Rice,1/2 teaspoon yellow food coloring,yellow food coloring,0.5,teaspoon
Kesar Mewa Sweet Rice,"6 cups water (about 1.4 liters), as needed",water about 1.4 liters as needed,6.0,cups
Cheesy Cauliflower Rice,2 packs (10 ounces) frozen riced cauliflower (any flavor),10 ounces riced cauliflower any flavor,2.0,packs
Cheesy Cauliflower Rice,1 pack (16 ounces) frozen Brussel sprouts,16 ounces brussel sprouts,1.0,pack
Cheesy Cauliflower Rice,2 jars (14.5 ounces) Prego Creamy Cheddar Cheese Sauce,14.5 ounces prego creamy cheddar cheese sauce,2.0,jars
Pandan Crepes with Mango Sticky Rice â€“ Easy Thai-Style Dessert for Selling,2 large eggs,eggs,2.0,large
Pandan Crepes with Mango Sticky Rice â€“ Easy Thai-Style Dessert for Selling,1 teaspoon vanilla extract,vanilla extract,1.0,teaspoon
Pandan Crepes with Mango Sticky Rice â€“ Easy Thai-Style Dessert for Selling,2 tablespoons pandan juice,pandan juice,2.0,tablespoons
Pandan Crepes with Mango Sticky Rice â€“ Easy Thai-Style Dessert for Selling,"1 ripe mango, diced",mango,1.0,ripe
Pandan Crepes with Mango Sticky Rice â€“ Easy Thai-Style Dessert for Selling,"2/3 cup sweetened sticky rice (150 grams, store-bought is fine)",sweetened sticky rice 150 grams store-,0.6666666666666666,cup
Omurice (Japanese Omelet Rice) Youâ€™ll Want to Make for Someone Special,1 bowl cooked rice (about 1 cup or 150 grams),rice about 1 cup or 150 grams,1.0,bowl
Omurice (Japanese Omelet Rice) Youâ€™ll Want to Make for Someone Special,1 tablespoon ketchup,ketchup,1.0,tablespoon
Omurice (Japanese Omelet Rice) Youâ€™ll Want to Make for Someone Special,1 teaspoon soy sauce,soy sauce,1.0,teaspoon
Omurice (Japanese Omelet Rice) Youâ€™ll Want to Make for Someone Special,1 teaspoon mayonnaise,mayonnaise,1.0,teaspoon
Panang Chicken Breast with Almond Milk,0.9 oz Mae Ploy Panang curry paste (25 grams),mae ploy panang curry paste 25 grams,0.9,oz
Arroz con Leche,1 cup rice,rice,1.0,cup
Arroz con Leche,5-minute Ambrosia salad,5-minute ambrosia salad,1.0,piece
Delicious Ketchup Rice Omurice,1 cup cooked rice (about 200g),rice about 200g,1.0,cup
Delicious Ketchup Rice Omurice,1/4 onion (about 1.75 oz / 50g),about 1.75 oz / 50g,0.25,onion
Delicious Ketchup Rice Omurice,1 hot dog sausage,dog sausage,1.0,hot
Delicious Ketchup Rice Omurice,2 tablespoons ketchup,ketchup,2.0,tablespoons
Delicious Ketchup Rice Omurice,2 eggs,eggs,2.0,piece
Delicious Ketchup Rice Omurice,1 teaspoon mayonnaise,mayonnaise,1.0,teaspoon
Delicious Ketchup Rice Omurice,"14 On January 31, 2017, this recipe became popular. Thank you for your support!",january 31 2017 this recipe became popular. thank you,14.0,on
Delicious Ketchup Rice Omurice,67luna ãŠã„ã—ã‹ã£ãŸã§ã™(^^),67luna ãŠã„ã—ã‹ã£ãŸã§ã™^^,1.0,piece
Mango Sticky Rice Ice Cream Cups,1 ripe mango,mango,1.0,ripe
Mango Sticky Rice Ice Cream Cups,3.5 oz sweet sticky rice (about 100 grams),sweet sticky rice about 100 grams,3.5,oz
Arroz con leche,1 1/2 cups rice (about 285 grams),1/2 cups rice about 285 grams,1.0,piece
Arroz con leche,1 stick cinnamon,cinnamon,1.0,stick
Arroz con leche,1 cup raisins (about 150 grams),raisins about 150 grams,1.0,cup
Arroz con leche,1 lemon,lemon,1.0,piece
Arroz con leche,3 cups water (about 710 ml),water about 710 ml,3.0,cups
Arroz con leche,5 Let it simmer for 10 minutes.,it simmer,5.0,let
Arroz con leche,6 Serve topped with ground cinnamon.,topped with cinnamon.,6.0,serve
Fluffy One-Egg Butter Rice Omurice,1 1/2 cups uncooked rice (about 270 grams),1/2 cups uncooked rice about 270 grams,1.0,piece
Fluffy One-Egg Butter Rice Omurice,3 hot dog sausages,dog sausages,3.0,hot
Fluffy One-Egg Butter Rice Omurice,2 tablespoons ketchup,ketchup,2.0,tablespoons
Fluffy One-Egg Butter Rice Omurice,2 tablespoons Worcestershire-style sauce,worcestershire-style sauce,2.0,tablespoons
Brown Rice Risotto with Leek Cream and Shrimp Tails,3/4 cup brown rice (100 grams),brown rice 100 grams,0.75,cup
Brown Rice Risotto with Leek Cream and Shrimp Tails,4 1/4 oz shrimp tails (120 grams),1/4 oz shrimp tails 120 grams,4.0,piece
Arroz con Leche,1 1/2 cups water,1/2 cups water,1.0,piece
Arroz con Leche,1 piece lemon peel,lemon peel,1.0,piece
Vegan Rice Pudding Made with Leftover Brown Rice,1 cup cooked brown rice (about 195 grams),brown rice about 195 grams,1.0,cup
Vegan Rice Pudding Made with Leftover Brown Rice,1 stick cinnamon,cinnamon,1.0,stick
Pittu (besan dosa),2 cups besan,besan,2.0,cups
Pittu (besan dosa),2-3 tsp Chopped coriander,2-3 tsp coriander,1.0,piece
Pittu (besan dosa),1/2 tsp Turmeric,turmeric,0.5,tsp
Sour Curry with Fish and Pickled Bamboo Shoots,3 1/2 oz pickled bamboo shoots,1/2 oz pickled bamboo shoots,3.0,piece
Sour Curry with Fish and Pickled Bamboo Shoots,1/2 tablespoon tamarind juice,tamarind juice,0.5,tablespoon
Sour Curry with Fish and Pickled Bamboo Shoots,1 cup water,water,1.0,cup
Sour Curry with Fish and Pickled Bamboo Shoots,1 head shallot,shallot,1.0,head
Sour Curry with Fish and Pickled Bamboo Shoots,3 slices turmeric,turmeric,3.0,slices
Sour Curry with Fish and Pickled Bamboo Shoots,1 teaspoon shrimp paste,shrimp paste,1.0,teaspoon
Sour Eggplant with Small Fish Curry /à¦†à¦®-à¦¬à§‡à¦—à§à¦¨à§‡ à¦›à§‹à¦Ÿ à¦®à¦¾à¦›à§‡à¦° à¦šà¦šà§à¦šà¦°à¦¿,1 bay leaf,leaf,1.0,bay
Thai chicken curry,150 grams Copied fresh basil or coriander,copied basil or coriander,150.0,grams
Thai chicken curry,2 Abc,abc,2.0,piece
Thai Sour Curry with Mixed Vegetables and Sea Bass,2 tablespoons tamarind paste (about 30 grams),tamarind paste about 30 grams,2.0,tablespoons
Thai Sour Curry with Mixed Vegetables and Sea Bass,4 Serve with a Thai-style omelet for a perfect pairing.,with a thai-style omelet,4.0,serve
Gaeng Som (Thai Sour Curry) with Mixed Vegetables and Mackerel,"1 daikon radish, sliced",radish,1.0,daikon
Gaeng Som (Thai Sour Curry) with Mixed Vegetables and Mackerel,1.1 lbs (500 grams) chive flowers,500 grams chive flowers,1.1,lbs
Gaeng Som (Thai Sour Curry) with Mixed Vegetables and Mackerel,5 medium mackerel,mackerel,5.0,medium
Gaeng Som (Thai Sour Curry) with Mixed Vegetables and Mackerel,7 oz (200 grams) Gaeng Som curry paste,200 grams gaeng som curry paste,7.0,oz
Gaeng Som (Thai Sour Curry) with Mixed Vegetables and Mackerel,4 tablespoons tamarind paste (or to taste),tamarind paste or to taste,4.0,tablespoons
Sour Bamboo Shoot Fish Curry,200 g pickled bamboo shoots,pickled bamboo shoots,200.0,g
Sour Bamboo Shoot Fish Curry,1 stalk lemongrass,lemongrass,1.0,stalk
Sour Bamboo Shoot Fish Curry,2 shallots,shallots,2.0,piece
Sour Bamboo Shoot Fish Curry,10 dried chilies,chilies,10.0,dried
Sour Bamboo Shoot Fish Curry,1 tablespoon Knorr seasoning,knorr seasoning,1.0,tablespoon
Sour Bamboo Shoot Fish Curry,2 cups water (about 500 ml),water about 500 ml,2.0,cups
Thai Sour Curry with Canned Fish (No Fermented Fish),4 Serve.,serve.,4.0,piece
Thai Sour Curry with Mixed Vegetables (Kaeng Som Pak Ruam),1 head cauliflower,cauliflower,1.0,head
Thai Sour Curry with Mixed Vegetables (Kaeng Som Pak Ruam),1 plate of dok kajorn flowers (or substitute with squash blossoms or another edible flower),of dok kajorn flowers or substitute with squash blossoms or another edible flower,1.0,plate
Thai Sour Curry with Mixed Vegetables (Kaeng Som Pak Ruam),2-3 tablespoons tamarind paste,2-3 tablespoons tamarind paste,1.0,piece
Thai Sour Curry with Mixed Vegetables (Kaeng Som Pak Ruam),3 Stir to combine.,to combine.,3.0,stir
Pork Rib and Jackfruit Curry without Shrimp Paste and Fermented Soybeans (Kaeng Khanun),3 pieces young jackfruit,young jackfruit,3.0,pieces
Pork Rib and Jackfruit Curry without Shrimp Paste and Fermented Soybeans (Kaeng Khanun),5 large dried chilies,chilies,5.0,large
Pork Rib and Jackfruit Curry without Shrimp Paste and Fermented Soybeans (Kaeng Khanun),5 shallots,shallots,5.0,piece
Pork Rib and Jackfruit Curry without Shrimp Paste and Fermented Soybeans (Kaeng Khanun),1 small stalk lemongrass,stalk lemongrass,1.0,small
Pork Rib and Jackfruit Curry without Shrimp Paste and Fermented Soybeans (Kaeng Khanun),1/2 tablespoon galangal,galangal,0.5,tablespoon
Pork Rib and Jackfruit Curry without Shrimp Paste and Fermented Soybeans (Kaeng Khanun),1 tablespoon peanuts,peanuts,1.0,tablespoon
Thai Sour Curry Recipe â€¢Climbing Wattle Omelette and Shrimps â€¢Gaeng Som Chaom Goong,100 g. Shrimp meat,g. shrimp meat,100.0,piece
Thai Sour Curry Recipe â€¢Climbing Wattle Omelette and Shrimps â€¢Gaeng Som Chaom Goong,8 pcs. Shrimps,pcs. shrimps,8.0,piece
Thai Sour Curry Recipe â€¢Climbing Wattle Omelette and Shrimps â€¢Gaeng Som Chaom Goong,8 pcs. Shallot,pcs. shallot,8.0,piece
Thai Sour Curry Recipe â€¢Climbing Wattle Omelette and Shrimps â€¢Gaeng Som Chaom Goong,1 pack. Climbing wattle,pack. climbing wattle,1.0,piece
Thai Sour Curry Recipe â€¢Climbing Wattle Omelette and Shrimps â€¢Gaeng Som Chaom Goong,4 Eggs,eggs,4.0,piece
Thai Sour Curry Recipe â€¢Climbing Wattle Omelette and Shrimps â€¢Gaeng Som Chaom Goong,1.5 tbsp. Shrimp paste,tbsp. shrimp paste,1.5,piece
Thai Sour Curry Recipe â€¢Climbing Wattle Omelette and Shrimps â€¢Gaeng Som Chaom Goong,1/4 cup. Water,cup. water,0.25,piece
Thai Sour Curry Recipe â€¢Climbing Wattle Omelette and Shrimps â€¢Gaeng Som Chaom Goong,4.5 cup. Water,cup. water,4.5,piece
Thai Sour Curry Recipe â€¢Climbing Wattle Omelette and Shrimps â€¢Gaeng Som Chaom Goong,1/2 cup. Tamarind juice,cup. tamarind juice,0.5,piece
Katla fish curry with raw mango,1 raw mango cut into slices,mango cut into slices,1.0,raw
Katla fish curry with raw mango,1 tsp nigella seeds,nigella seeds,1.0,tsp
Katla fish curry with raw mango,1 tbsp turmeric mixed with water,turmeric mixed with water,1.0,tbsp
Katla fish curry with raw mango,5 tsp mustard paste,mustard paste,5.0,tsp
Katla fish curry with raw mango,1/4 cup water or as required,water or as required,0.25,cup
Sour curry with White radish and fry fish,"1 White radish, cut",radish cut,1.0,white
Sour curry with White radish and fry fish,30 g Baby broccoli,baby broccoli,30.0,g
Sour curry with White radish and fry fish,3 tbsps Tamarind,tamarind,3.0,tbsps
Sour curry with White radish and fry fish,1 l water,water,1.0,l
Sour curry with White radish and fry fish,15 Chllies,chllies,15.0,piece
Sour curry with White radish and fry fish,2 garlic cloves clove,cloves clove,2.0,garlic
Sour curry with White radish and fry fish,3 shallot,shallot,3.0,piece
Sour curry with White radish and fry fish,1 tbsp turmeric,turmeric,1.0,tbsp
Sour curry with White radish and fry fish,1 tbsp shrimp paste,shrimp paste,1.0,tbsp
Bihari Fish Curry,1/2 inch piece Ginger,piece ginger,0.5,inch
Bihari Fish Curry,1/4 tsp Fenugreek Seeds / Methi Dana,fenugreek seeds / methi dana,0.25,tsp
Bihari Fish Curry,1 tbsp Yellow Mustard Seeds,yellow mustard seeds,1.0,tbsp
Bihari Fish Curry,3/4 tsp Cumin Seeds,cumin seeds,0.75,tsp
Bihari Fish Curry,1.5 tsp Coriander Seeds,coriander seeds,1.5,tsp
Bihari Fish Curry,3-4 Cloves,3-4 cloves,1.0,piece
Bihari Fish Curry,3 Green Cardamoms,cardamoms,3.0,green
Sour Shark Fish Curry,10 garlic cloves,cloves,10.0,garlic
Sour Shark Fish Curry,1 inch ginger,ginger,1.0,inch
Sour Shark Fish Curry,3 tsp thick tamarind pulp,thick tamarind pulp,3.0,tsp
Sour Shark Fish Curry,1 tsp garam masala (optional,garam masala optional,1.0,tsp
Sour Shark Fish Curry,1 glass water,water,1.0,glass
Sour Shark Fish Curry,7 Make tamarind paste,tamarind paste,7.0,make
Sour Shark Fish Curry,9 Give it a nice boil,it a nice boil,9.0,give
"Fish thali - Rice with Fish curry, fish fry, and spiced buttermilk",1 Lemon size tamarind,size tamarind,1.0,lemon
"Fish thali - Rice with Fish curry, fish fry, and spiced buttermilk",1/4 tsp mustard seeds,mustard seeds,0.25,tsp
"Fish thali - Rice with Fish curry, fish fry, and spiced buttermilk",8 Methi(fenugreek) seeds,methifenugreek seeds,8.0,piece
"Fish thali - Rice with Fish curry, fish fry, and spiced buttermilk",1/2 tsp ginger paste,ginger paste,0.5,tsp
Doi mucch fish in sour curd curry,2 clove,clove,2.0,piece
Doi mucch fish in sour curd curry,2 Green Cardamom,cardamom,2.0,green
Achari Tel Ilish (Bengali Fish Curry),1/2 tsp nigella seeds (kalonji),nigella seeds kalonji,0.5,tsp
Achari Tel Ilish (Bengali Fish Curry),1-2 tsp any pickle (I used mango pickle),1-2 tsp any pickle i used mango pickle,1.0,piece
Hot & sour Fish coconut curry,2 lemons juice,juice,2.0,lemons
Hot & sour Fish coconut curry,1 egg beaten,beaten,1.0,egg
Hot & sour Fish coconut curry,5 garlic cloves,cloves,5.0,garlic
Hot & sour Fish coconut curry,2 onions roughly chopped,,2.0,onions
Hot & sour Fish coconut curry,1 ginger peeled,,1.0,ginger
Hot & sour Fish coconut curry,2 tsp tamarind paste,tamarind paste,2.0,tsp
Hot & sour Fish coconut curry,1/2 cup fresh cream,cream,0.5,cup
Hot & sour Fish coconut curry,6 Serve hot with steamed rice,hot with steamed rice,6.0,serve
Thai Sour Vegetables Curry ğŸ›,2 cups water,water,2.0,cups
Thai Sour Vegetables Curry ğŸ›,1 Ingredients,ingredients,1.0,piece
Mild Red Curry with Prawns and Mango,5 ml Cumin Seeds,cumin seeds,5.0,ml
Mild Red Curry with Prawns and Mango,15 ml Coriander Seeds,coriander seeds,15.0,ml
Mild Red Curry with Prawns and Mango,"15 Pepperdews, diced",pepperdews,15.0,piece
Mild Red Curry with Prawns and Mango,"7,5 ml Galangal power",75 ml galangal power,1.0,piece
Mild Red Curry with Prawns and Mango,"15 ml Coriander stalks, diced",coriander stalks,15.0,ml
Mild Red Curry with Prawns and Mango,15 ml Shrimp Paste,shrimp paste,15.0,ml
Mild Red Curry with Prawns and Mango,60 ml Honey,honey,60.0,ml
Mild Red Curry with Prawns and Mango,60 ml dark Soy Sauce,dark soy sauce,60.0,ml
Dal vada (parippu vada),1 Teaspoon cumin seeds,cumin seeds,1.0,teaspoon
Dal vada (parippu vada),2 Teaspoon ginger paste,ginger paste,2.0,teaspoon
Dal vada (parippu vada),2-3 Teaspoon soaked chana daal,2-3 teaspoon,1.0,piece
Dal vada (parippu vada),2-3 Teaspoon peanuts,2-3 teaspoon peanuts,1.0,piece
Dal vada (parippu vada),1 Teaspoon mustard seeds,mustard seeds,1.0,teaspoon
Dal vada (parippu vada),1 pinch asoefotida,asoefotida,1.0,pinch
Dal vada (parippu vada),6th for chana dal,6th,1.0,piece
Kerala Style Parippu Vada (Dal Fritters),1 cup Toor Dal / Chana Dal,toor dal / chana dal,1.0,cup
Kerala Style Parippu Vada (Dal Fritters),1 tsp Ginger chopped finely,ginger finely,1.0,tsp
Kerala Style Parippu Vada (Dal Fritters),6 Serve hot with a cup of coffee or tea.,hot with a cup of coffee or tea.,6.0,serve
Kerala Style Parippu Vada (Dal Fritters),9th for pearl onion,9th,1.0,piece
Kerala Style Parippu Vada (Dal Fritters),5-Layered blueberry cheesecake,5-layered blueberry cheesecake,1.0,piece
Onam Vibhavangal-Parippukari,2 cups Moong dal (cherupayar parippu),moong dal cherupayar parippu,2.0,cups
Onam Vibhavangal-Parippukari,1/2 tsp turmeric powdr,turmeric powdr,0.5,tsp
Onam Vibhavangal-Parippukari,1/2 tsp jeerakam,jeerakam,0.5,tsp
Onam Vibhavangal-Parippukari,2 tbsps oil(ghee),oilghee,2.0,tbsps
Ona-Sadhya -Cherupayar-Banana Payasam--to see the 12 key items..follow the blog.,2 cups Cherupayar parippu,cherupayar parippu,2.0,cups
Ona-Sadhya -Cherupayar-Banana Payasam--to see the 12 key items..follow the blog.,2 cups plantains Ripe -cut to pieces,plantains ripe -cut to pieces,2.0,cups
Ona-Sadhya -Cherupayar-Banana Payasam--to see the 12 key items..follow the blog.,750 gms molasses extract - .,molasses extract - .,750.0,gms
Ona-Sadhya -Cherupayar-Banana Payasam--to see the 12 key items..follow the blog.,4 tbsps ghee,ghee,4.0,tbsps
Ona-Sadhya -Cherupayar-Banana Payasam--to see the 12 key items..follow the blog.,50 gms kismis,kismis,50.0,gms
Passion Fruit -Uppuma,1 cup Semolina,semolina,1.0,cup
Passion Fruit -Uppuma,1 savala,savala,1.0,piece
Passion Fruit -Uppuma,1 tsp ginger grated,ginger,1.0,tsp
Passion Fruit -Uppuma,4 cups water,water,4.0,cups
Passion Fruit -Uppuma,1 no passion fruit,passion fruit,1.0,no
Parippu curry,1 cup tuvar dal,tuvar dal,1.0,cup
Parippu curry,1 tsp cumin seeds,cumin seeds,1.0,tsp
Parippu curry,"4 Again boil for 5-7 minutes.serve hot with rice appalam Ã loo poriyal,acchar..",boil,4.0,again
Parippu cury,1/2 cup Yellow mogar dal,yellow mogar dal,0.5,cup
Parippu cury,2 pinch Turmeric,turmeric,2.0,pinch
Parippu cury,1/2 tsp Cumin,cumin,0.5,tsp
Parippu cury,2 tbsp Ghee,ghee,2.0,tbsp
Parippu cury,1/2 tsp mustards,mustards,0.5,tsp
Parippu Curry (Kerala Style Lentils Curry),1 cup split Yellow mung,split yellow mung,1.0,cup
Parippu Curry (Kerala Style Lentils Curry),1/2 tsp mustard seeds,mustard seeds,0.5,tsp
Parippu Curry,1/2 cup yellow moong daal,yellow moong daal,0.5,cup
Parippu Curry,1/4 tsp turmeric,turmeric,0.25,tsp
Parippu Curry,1/2 tsp cumin,cumin,0.5,tsp
Parippu Curry,2-3 tbsp water,2-3 tbsp water,1.0,piece
Parippu Curry,2 tbsp ghee,ghee,2.0,tbsp
Parippu Curry,1/2 tsp mustard,mustard,0.5,tsp
Parippu curry annam (dal curried rice),2 cup cooked rice,rice,2.0,cup
Parippu curry annam (dal curried rice),3/4 cup Moong dal,moong dal,0.75,cup
Parippu curry annam (dal curried rice),1 greenchile,greenchile,1.0,piece
Parippu curry annam (dal curried rice),4 red chilies,chilies,4.0,red
Parippu curry annam (dal curried rice),1/4 tsp asafoetida,asafoetida,0.25,tsp
Parippu curry annam (dal curried rice),1 tbsp ghee,ghee,1.0,tbsp
Kerala Parippu,1/2 cup yellow moong dal,yellow moong dal,0.5,cup
Kerala Parippu,1/2 Tsp mustard seeds,mustard seeds,0.5,tsp
Kerala Parippu,1/2 Tsp cumin seeds,cumin seeds,0.5,tsp
Kerala Style Dal Vada or Parippu Vada.,"1.5 cup chana dal,",chana dal,1.5,cup
Kerala Style Dal Vada or Parippu Vada.,"1 tsp grated ginger,",ginger,1.0,tsp
Kerala Style Dal Vada or Parippu Vada.,"1 Firstly wash dal, soak in water for 4 hours, strain it, keep aside for 1/2 hr.",wash dal soak in water,1.0,firstly
Parippu Curry,1 tsp cumin seeds,cumin seeds,1.0,tsp
Parippu Curry,3-4 Tbsp water,3-4 tbsp water,1.0,piece
Parippu Curry,1/2 cup Moong Dal,moong dal,0.5,cup
Parippu Curry,2 cups Water plus more,water plus more,2.0,cups
Parippu Curry,1 Tbsp mustard seeds,mustard seeds,1.0,tbsp
Parippu Vada (Chana Dal Vada),1 cup chana dal,chana dal,1.0,cup
Parippu Vada (Chana Dal Vada),1 inch piece of ginger finely chopped,piece of ginger,1.0,inch
Parippu Vada (Chana Dal Vada),1 pinch hing (asafoetida),hing asafoetida,1.0,pinch
Parippu Vada (Lentil Fritters / Pakora - Kerala style),"1 tsp. ginger, grated",tsp. ginger,1.0,piece
Parippu Vada (Lentil Fritters / Pakora - Kerala style),"2 green chilies, chopped",chilies,2.0,green
Parippu Vada (Lentil Fritters / Pakora - Kerala style),4 Serve as a tea-time snack.,as a tea-time snack.,4.0,serve
South Indian Special Dal Vadas or Parippu Vadas,1/8 tsp Asafoetida or Hing,asafoetida or hing,0.125,tsp
South Indian Special Dal Vadas or Parippu Vadas,1 tbsp grated Ginger,ginger,1.0,tbsp
Parippu Curry,1/2 cup split moong dal,split moong dal,0.5,cup
Parippu Curry,1/2 tsp. cumin seeds,tsp. cumin seeds,0.5,piece
Parippu Curry,2 green chilies,chilies,2.0,green
Parippu Curry,2 tbsp. ghee,tbsp. ghee,2.0,piece
Parippu Curry,1/2 tsp. mustard seeds,tsp. mustard seeds,0.5,piece
Special Parippu Vada (Dal Vada),250 gms chanadal soaked overnight,chanadal,250.0,gms
Special Parippu Vada (Dal Vada),3 green chilles finely chopped,chilles,3.0,green
Special Parippu Vada (Dal Vada),1 tsp hing,hing,1.0,tsp
Parippu payasam(chanadal kheer),3 cup water+1/2_1cup for melting jaggery,water+1/2_1cup,3.0,cup
Parippu payasam(chanadal kheer),"1/2 cup dry fruits chopped(cashews,raisins)",dry fruits cashewsraisins,0.5,cup
Parippu payasam(chanadal kheer),4 tsp ghee,ghee,4.0,tsp
Lauki Dal curry (churakka parippu curry),1 cup chana dal,chana dal,1.0,cup
Lauki Dal curry (churakka parippu curry),1/4 tsp jeera,jeera,0.25,tsp
Lauki Dal curry (churakka parippu curry),2 shallots (optional),optional,2.0,shallots
Lauki Dal curry (churakka parippu curry),1/2 tsp mustard seeds,mustard seeds,0.5,tsp
Parippu pradhaman / Chana dal payasam,1 cup chana dal,chana dal,1.0,cup
Parippu pradhaman / Chana dal payasam,2 1/2 cup water,1/2 cup water,2.0,piece
Parippu pradhaman / Chana dal payasam,400 gm jaggery,jaggery,400.0,gm
Parippu pradhaman / Chana dal payasam,4 tbsp Ghee,ghee,4.0,tbsp
Parippu vada/Dal vada,2 cups Yellow split peas,yellow split peas,2.0,cups
Parippu vada/Dal vada,8 Shallots,shallots,8.0,piece
Parippu vada/Dal vada,1 inch piece Ginger,piece ginger,1.0,inch
Parippu vada/Dal vada,1 garlic clove,clove,1.0,garlic
Parippu vada/Dal vada,1 Soak vada parippu for 2 hours. Coarsely grind the drained dal and keep aside.,vada parippu,1.0,soak
Parippu vada/Dal vada,6 Serve it hot with a cup of black tea or kattanchaya.,it hot with a cup of black tea or kattanchaya.,6.0,serve
Parippu Vada !!,1 small bowl Tuvar dal,bowl tuvar dal,1.0,small
Parippu Vada !!,1 small bowl Chana dal,bowl chana dal,1.0,small
Parippu Vada !!,1/2 inch piece ginger finely chopped,piece ginger,0.5,inch
Parippu Vada !!,6 Serve hot with tea or coffee.,hot with tea or coffee.,6.0,serve
Parippu vada(kerla style),1 cup-Yellow chikapeas leantil,cup-yellow chikapeas leantil,1.0,piece
Parippu vada(kerla style),1 inch- ginger,inch- ginger,1.0,piece
Parippu vada(kerla style),2 -pinch Asafoetida,-pinch asafoetida,2.0,piece
Parippu vada(kerla style),3 Cheese Keto Fat Head Pizza Dough,keto fat head pizza dough,3.0,cheese
Parippu Vada,3 tbsp Ginger (grated),ginger,3.0,tbsp
Parippu Vada,1 Green Chili,chili,1.0,green
Parippu Vada,1/2 tsp Asafoetida,asafoetida,0.5,tsp
Parippu Vada,2 cups Chana Dal,chana dal,2.0,cups
Parippu Vada,1-2 tsp Ginger finely chopped,1-2 tsp ginger,1.0,piece
Parippu Vada,1/8 tsp Asafoetida/hing,asafoetida/hing,0.125,tsp
Parippu payasam(Dal kheer),1 bowl moong daal,moong daal,1.0,bowl
Parippu payasam(Dal kheer),1 big spoon chana daal / bengal gram(optional),spoon chana daal / bengal gramoptional,1.0,big
Parippu payasam(Dal kheer),1 tbsp ghee,ghee,1.0,tbsp
Parippu payasam(Dal kheer),3 inch thick ribeye steak on BBQ,thick ribeye steak on bbq,3.0,inch
Parippu payasam(Dal kheer),1Min Choco Mug Brownie in microwave (eggless),1min choco mug brownie in microwave eggless,1.0,piece
Parippu Pradhaman,1 cup Split Moong Dal /Cherupayar Parippu,split moong dal /cherupayar parippu,1.0,cup
Parippu Pradhaman,2 cups Jaggery,jaggery,2.0,cups
Parippu Pradhaman,1 tbsp Raisins,raisins,1.0,tbsp
Parippu Pradhaman,7 Can Enchilada Soup,enchilada soup,7.0,can
Thattukada Parippu Vada,1 cup Chanadal/Vada parippu,chanadal/vada parippu,1.0,cup
Thattukada Parippu Vada,1 piece Ginger,ginger,1.0,piece
Thattukada Parippu Vada,1/2 tsp Asafoetida,asafoetida,0.5,tsp
Thattukada Parippu Vada,1 Soak chanadal/ vada parippu for 2 hours. Coarsely grind the drained dal and keep aside.,chanadal/ vada parippu,1.0,soak
Kadala parippu pradhaman/Chanadal payasam,1 cup Chana dal,chana dal,1.0,cup
Kadala parippu pradhaman/Chanadal payasam,1 cup Jaggery,jaggery,1.0,cup
Kadala parippu pradhaman/Chanadal payasam,1/8 cup Sago (javvarasi),sago javvarasi,0.125,cup
Kadala parippu pradhaman/Chanadal payasam,8 Cashews,cashews,8.0,piece
Kadala parippu pradhaman/Chanadal payasam,3-4 tbsp Ghee,3-4 tbsp ghee,1.0,piece
Kadala parippu pradhaman/Chanadal payasam,2 Then cook chanadal for one whistle and keep it in low flame for 5mins.,cook chanadal,2.0,then
Kadala parippu pradhaman/Chanadal payasam,"4 In a pan, cook sago till they become transparent.",a pan cook sago till they become transparent.,4.0,in
Mung Bean Curry,A:1 tbsp Sambar podi,a:1 tbsp sambar podi,1.0,piece
Mung Bean Curry,B:1 tbsp Ghee,b:1 tbsp ghee,1.0,piece
Dhal Curry,1 cup water,water,1.0,cup
Dhal Curry,4 Serves hot.,hot.,4.0,serves
Egg plant curry,1 Onion big,big,1.0,onion
Egg plant curry,1 Tomato big,big,1.0,tomato
Egg plant curry,"1 tsp each For masala powder : jeera, pepper, thoor dhal, Bengal dhal",,1.0,tsp
Egg plant curry,"1/2 tsp each Turmeric, mirchi powder, salt, oil",,0.5,tsp
Egg plant curry,1 Tamarind gooseberry size,gooseberry size,1.0,tamarind
Healthy Pumpkin curry (kootu curry),1/4 cup Soaked Chick peas/ channa (brown is healthy),,0.25,cup
Healthy Pumpkin curry (kootu curry),3 tbsp Soaked Black eyed peas or any beans u like,,3.0,tbsp
Healthy Pumpkin curry (kootu curry),1/2 tsp cumin seeds,cumin seeds,0.5,tsp
Healthy Pumpkin curry (kootu curry),1/4 tsp mustard seeds,mustard seeds,0.25,tsp
Coconut green lentil curry,1 coriander for garnish,,1.0,coriander
Coconut green lentil curry,6 Garnish with coriander.,with coriander.,6.0,garnish
Kerai curry,4 types of spinach,of spinach,4.0,types
Kerai curry,3 Once cooked wait till it is not hot anymore,wait till it is not hot anymore,3.0,once
Channa dhal vada curry,1 slice Ginger,ginger,1.0,slice
Channa dhal vada curry,7 Cover it for 5 min. Keep the stove in sim.,it,7.0,cover
Dhal papad curry,20 pieces Papad around,papad around,20.0,pieces
Dhal papad curry,1 Onion big (thinly sliced),big,1.0,onion
Dhal papad curry,1 Tomato big (chopped),big,1.0,tomato
Dhal papad curry,10 Clove,clove,10.0,piece
Dhal papad curry,5 Cardamom,cardamom,5.0,piece
Dhal papad curry,2 Bay leaf,leaf,2.0,bay
Dhal papad curry,2 tbsp Ghee,ghee,2.0,tbsp
Banana stem nutritious curry,8 inches Banana stem,banana stem,8.0,inches
Banana stem nutritious curry,1 Onion (thinly slices),,1.0,onion
Banana stem nutritious curry,2 tbs Ghee,ghee,2.0,tbs
Spinach dhal curry/Pasalai Keerai kootu/Palak dhal sabzi,1 bunch palak/spinach (chopped),palak/spinach,1.0,bunch
Spinach dhal curry/Pasalai Keerai kootu/Palak dhal sabzi,1 tsp mustard seeds,mustard seeds,1.0,tsp
Spinach dhal curry/Pasalai Keerai kootu/Palak dhal sabzi,1/2 tsp urad dhal/ ulundhu,urad dhal/ ulundhu,0.5,tsp
Spinach dhal curry/Pasalai Keerai kootu/Palak dhal sabzi,1 tsp chanadhal/ kadalai paruppu,chanadhal/ kadalai paruppu,1.0,tsp
Spinach dhal curry/Pasalai Keerai kootu/Palak dhal sabzi,1/2 tsp cumin/jeera seeds,cumin/jeera seeds,0.5,tsp
Spinach dhal curry/Pasalai Keerai kootu/Palak dhal sabzi,1/4 cup Water,water,0.25,cup
Dal Curry / Yellow Lentils Curry / Sambar,1 carrot - finely diced,-,1.0,carrot
Dal Curry / Yellow Lentils Curry / Sambar,1 tsp Panch Phoran,panch phoran,1.0,tsp
Dal Curry / Yellow Lentils Curry / Sambar,1 shallot - sliced,-,1.0,shallot
Dal Curry / Yellow Lentils Curry / Sambar,1 . use store bought ready-mixed Panch Phoran or mix a tbsp each of the 5 spices in a bowl. Use a tsp for this recipe,. use store,1.0,piece
Anchovies Fish Curry/Nethili Meen Kuzhambu,1 tspn fenugreek seeds,fenugreek seeds,1.0,tspn
Anchovies Fish Curry/Nethili Meen Kuzhambu,1 tsp mustard seeds,mustard seeds,1.0,tsp
Anchovies Fish Curry/Nethili Meen Kuzhambu,10 garlic cloves,cloves,10.0,garlic
Anchovies Fish Curry/Nethili Meen Kuzhambu,1 tomato (chopped),,1.0,tomato
Anchovies Fish Curry/Nethili Meen Kuzhambu,2 tbsp mixed curry masala/kuzhambu podi,mixed curry masala/kuzhambu podi,2.0,tbsp
Anchovies Fish Curry/Nethili Meen Kuzhambu,1 tbspn cumin seeds,cumin seeds,1.0,tbspn
Anchovies Fish Curry/Nethili Meen Kuzhambu,1 Lemon size tamarind,size tamarind,1.0,lemon
Anchovies Fish Curry/Nethili Meen Kuzhambu,1 cup water,water,1.0,cup
Garlic and bottle gourd curry,150 grams bottle goud,bottle goud,150.0,grams
Cucumber Curry,1 tsp cumin seeds,cumin seeds,1.0,tsp
Cucumber Curry,1 tsp mustard seeds,mustard seeds,1.0,tsp
Potato Curry,2 Onion chopped,,2.0,onion
Potato Curry,5 Garlic crushed,crushed,5.0,garlic
Green moong and cauliflower curry,1 cup cauliflower,cauliflower,1.0,cup
Green moong and cauliflower curry,1/2 teaspoon Garam masala,garam masala,0.5,teaspoon
Green moong and cauliflower curry,1/2 teaspoon amchur (dry mango)powder,amchur dry mangopowder,0.5,teaspoon
Green moong and cauliflower curry,1/2 teaspoon kasuri methi roasted,kasuri methi,0.5,teaspoon
Green moong and cauliflower curry,1/2 teaspoon jeera(cumin seeds),jeeracumin seeds,0.5,teaspoon
Green moong and cauliflower curry,1/2 teaspoon saunf(fennel seeds),saunffennel seeds,0.5,teaspoon
Green moong and cauliflower curry,1/2 teaspoon mustard seeds,mustard seeds,0.5,teaspoon
Green moong and cauliflower curry,2 teaspoon ghee for tadka,ghee,2.0,teaspoon
Puri and potato curry,1/4 tsp Mustard seeds,mustard seeds,0.25,tsp
Puri and potato curry,1/2 tsp Ginger pieces,ginger pieces,0.5,tsp
Puri and potato curry,1 pinch Hing,hing,1.0,pinch
Drumstick curry,1 pinch Hing,hing,1.0,pinch
Drumstick curry,5 tablespoon besan,besan,5.0,tablespoon
Drumstick curry,1/2 teaspoon mustard seeds,mustard seeds,0.5,teaspoon
Ridge gourd dhal curry,1/2 cup toovar daal,toovar daal,0.5,cup
Green Gram Dhal Curry,1 tsp Cumin seeds,cumin seeds,1.0,tsp
Green Gram Dhal Curry,2 Onions (chopped),,2.0,onions
Green Gram Dhal Curry,1 inch Ginger (chopped),ginger,1.0,inch
Green Gram Dhal Curry,2 Tomatoes (chopped),,2.0,tomatoes
Green Gram Dhal Curry,1 tbsp Lemon juice,lemon juice,1.0,tbsp
Green Gram Dhal Curry,2 - 3 cups Water (accordingly),- 3 cups water accordingly,2.0,piece
Green Gram Dhal Curry,"My curry Indian Style My curry Indian Style I was really into eating out at Indian restaurants, then I wanted to make a curry myself. I experimented several times to come up with this recipe and it's almost perfect! I put ""to taste"" for most of the powdered spices. 1 teaspoon is the standard and adjust to your liking. Using the cardamon, cinnamon, nutmeg and black pepper makes the curry richer, but it still tastes good without them. It will taste even better with bone meat. Recipe by Mizukichi cookpad.japan",my curry indian style my curry indian style i was really into eating out at indian restaurants then i wanted,1.0,piece
Chicken Curry - Sri Lankan,1/2 Teaspoon Fenugreek,fenugreek,0.5,teaspoon
Chicken Curry - Sri Lankan,5 Cloves,cloves,5.0,piece
Chicken Curry - Sri Lankan,5 Cardamom,cardamom,5.0,piece
Chicken Curry - Sri Lankan,1 Teaspoon Tumeric,tumeric,1.0,teaspoon
Chicken Curry - Sri Lankan,"10 Chicken drumsticks , , skin removed (450 grams)",drumsticks skin removed 450 grams,10.0,chicken
Chicken Curry - Sri Lankan,2 Cups water Warm,water warm,2.0,cups
Sri Lankan chicken curry ğŸ“ğŸ§…ğŸ…,2 cinnamon sticks,sticks,2.0,cinnamon
Sri Lankan chicken curry ğŸ“ğŸ§…ğŸ…,1/2 cup water ğŸ’¦,water ğŸ’¦,0.5,cup
Authentic Sri Lankan Chicken Curry,1/2 tsp coriander seeds,coriander seeds,0.5,tsp
Authentic Sri Lankan Chicken Curry,1/2 tsp cumin seeds,cumin seeds,0.5,tsp
Authentic Sri Lankan Chicken Curry,1/4 tsp black peppercorns,black peppercorns,0.25,tsp
Authentic Sri Lankan Chicken Curry,1 tsp raw rice,rice,1.0,tsp
Authentic Sri Lankan Chicken Curry,1/2 tsp black mustard seeds,black mustard seeds,0.5,tsp
Authentic Sri Lankan Chicken Curry,3 cloves,cloves,3.0,piece
Authentic Sri Lankan Chicken Curry,2 green cardamoms,cardamoms,2.0,green
Authentic Sri Lankan Chicken Curry,1 Onion (Sliced),,1.0,onion
Authentic Sri Lankan Chicken Curry,1/2 tsp Ginger(grated),ginger,0.5,tsp
Authentic Sri Lankan Chicken Curry,150 ml - 200 ml Water,- 200 ml water,150.0,ml
Naatukozhi Kuzhambu Country Chicken Curry,3 tsp Coriander seeds,coriander seeds,3.0,tsp
Naatukozhi Kuzhambu Country Chicken Curry,1 tsp Cumin seeds,cumin seeds,1.0,tsp
Naatukozhi Kuzhambu Country Chicken Curry,6 Pepper corns,corns,6.0,pepper
Naatukozhi Kuzhambu Country Chicken Curry,5 Fenugreek seeds,seeds,5.0,fenugreek
Naatukozhi Kuzhambu Country Chicken Curry,2 cloves,cloves,2.0,piece
Naatukozhi Kuzhambu Country Chicken Curry,1/4 tsp Mustard seeds,mustard seeds,0.25,tsp
Chicken Kuzhambu (Chicken Curry),9 . Garam masala - 1 tsp,. garam masala - 1 tsp,9.0,piece
Chicken Kuzhambu (Chicken Curry),3 . Cumin - 1 tsp,. cumin - 1 tsp,3.0,piece
Chicken Kuzhambu (Chicken Curry),5 . Clove - 3,. clove - 3,5.0,piece
Fish Curry (Fish Kuzhambu) ğŸŸ,1/2 cup Chopped shallots,shallots,0.5,cup
Fish Curry (Fish Kuzhambu) ğŸŸ,1 lemon size Tamarind(For Kerela style use Kodampuli),size tamarind,1.0,lemon
Fish Curry (Fish Kuzhambu) ğŸŸ,"8 Garlic pods,crushed",podscrushed,8.0,garlic
Fish Curry (Fish Kuzhambu) ğŸŸ,1/2 tsp Mustard seeds,mustard seeds,0.5,tsp
Fish Curry (Fish Kuzhambu) ğŸŸ,1/4 tsp Fenugreek seeds,fenugreek seeds,0.25,tsp
Fish Curry (Fish Kuzhambu) ğŸŸ,"7 In another pan for tempering add 2 tbsp oil. Once oil gets heat add mustard seeds, fenugreek seeds and curry leaves. Fry it.",another pan,7.0,in
Sri Lankan fish curry,10 g Coriander,coriander,10.0,g
Sri Lankan fish curry,150 g Jasmine rice,jasmine rice,150.0,g
Sri Lankan fish curry,1 Vegetable oxo cube,oxo cube,1.0,vegetable
Sri Lankan fish curry,230 g Chickpeas,chickpeas,230.0,g
Sri Lankan fish curry,100 ml Water,water,100.0,ml
Sri Lankan fish curry,200 kg Coley fillet,coley fillet,200.0,kg
Fish curry/ Meen Kuzhambu,500 gm fish(rohu),fishrohu,500.0,gm
Fish curry/ Meen Kuzhambu,2 tsp vadavam,vadavam,2.0,tsp
Fish curry/ Meen Kuzhambu,4 onion (chopped),,4.0,onion
Fish curry/ Meen Kuzhambu,5 Tomato (chopped),,5.0,tomato
Fish curry/ Meen Kuzhambu,1 Small Lemon size tamarind,lemon size tamarind,1.0,small
Fish curry/ Meen Kuzhambu,4 tsp mixed curry masala,mixed curry masala,4.0,tsp
Fish curry/ Meen Kuzhambu,1 Soak tamarind in 1 cup water for Â½ hour. Strain and extract from pulp.Clean and wash fish. Set aside.,tamarind in 1 cup water,1.0,soak
Fish curry/ Meen Kuzhambu,10 Serve hot with plain rice.,hot with plain rice.,10.0,serve
Arachuvitta Meen Kuzhambu (Fish Curry in Homemade ground paste),9 . Fenugreek - 1/8 tsp,. fenugreek - 1/8 tsp,9.0,piece
Arachuvitta Meen Kuzhambu (Fish Curry in Homemade ground paste),"1 1. Soak tamarind in warm water for 10 minutes. Take the juice and keep aside. 2. Heat kadai in medium flame add oil. Once oil is hot add shallots, garlic and tomato. Saute till tomato turn mushy. Cool completely grind to smooth paste and keep aside. 3. Heat 2 tbsp of gingelly oil in pan add fenugreek and curry leaves. Once fenugreek started to change colour now add the paste. Saute for 2 minutes.",1. soak tamarind in warm water,1.0,piece
Sri Lankan Egg Curry,2-3 cloves,2-3 cloves,1.0,piece
Sri Lankan Egg Curry,1/2 tsp. mustard seeds,tsp. mustard seeds,0.5,piece
Sri Lankan Egg Curry,1/2 tsp. cumin seeds,tsp. cumin seeds,0.5,piece
Sri Lankan Egg Curry,1/4 tsp. fenugreek seeds,tsp. fenugreek seeds,0.25,piece
Sri Lankan Egg Curry,"2 green chilies, slit",chilies slit,2.0,green
Deviled Shrimp with White Rice,20 large shrimp,shrimp,20.0,large
Deviled Shrimp with White Rice,3 cascabel chiles,chiles,3.0,cascabel
Deviled Shrimp with White Rice,1 bouillon cube,cube,1.0,bouillon
Deviled Shrimp with White Rice,1 cup rice,rice,1.0,cup
Deviled Shrimp with White Rice,2 jalapeÃ±o peppers,peppers,2.0,jalapeÃ±o
Deviled Shrimp with White Rice,1 chicken bouillon cube,bouillon cube,1.0,chicken
Deviled Shrimp with White Rice,8 And it's ready to enjoy!,it's ready to enjoy!,8.0,and
Hot honey fried shrimp deviled eggs,12 eggs,eggs,12.0,piece
Hot honey fried shrimp deviled eggs,"1/2-1 cup mayo, depending how creamy you like",1/2-1 cup mayo depending how creamy you like,1.0,piece
Hot honey fried shrimp deviled eggs,1 Tbs Dijon mustard,dijon mustard,1.0,tbs
Hot honey fried shrimp deviled eggs,2 Tbs sweet relish,sweet relish,2.0,tbs
Hot honey fried shrimp deviled eggs,1 tsp paprika or Creole seasoning,paprika or creole seasoning,1.0,tsp
Hot honey fried shrimp deviled eggs,"24 pieces raw, deveined shrimp",deveined shrimp,24.0,pieces
Hot honey fried shrimp deviled eggs,1 tsp Creole seasoning,creole seasoning,1.0,tsp
Hot honey fried shrimp deviled eggs,1 Tsp corn starch,corn starch,1.0,tsp
Hot honey fried shrimp deviled eggs,1-2 cups corn meal,1-2 cups corn meal,1.0,piece
Hot honey fried shrimp deviled eggs,1/2 cup hot sauce,hot sauce,0.5,cup
Hot honey fried shrimp deviled eggs,"5 Assemble. Place yolk in eggs, shrimp on top then drizzle your hot sauce mixture.",assemble. place yolk in eggs shrimp on top then drizzle your hot sauce mixture.,5.0,piece
Cajun deviled eggs,12 eggs,eggs,12.0,piece
Cajun deviled eggs,8 Cool for at least 30 minutes and enjoy!,,8.0,cool
Shrimp Deviled Eggs,24 small fried shrimp (no tails),fried shrimp no tails,24.0,small
Shrimp Deviled Eggs,1 dozen hard boiled eggs,hard eggs,1.0,dozen
Shrimp Deviled Eggs,1 cup mayonnaise or miracle whip,mayonnaise or miracle whip,1.0,cup
Shrimp Deviled Eggs,3 tbs mustard,mustard,3.0,tbs
Shrimp Deviled Eggs,1/4 cup relish,relish,0.25,cup
Shrimp Deviled Eggs,5th for miracle whip,5th,1.0,piece
seafood deviled eggs,2 packages imatation crab meat,imatation crab meat,2.0,packages
seafood deviled eggs,2 tbsp old bay seasoning,old bay seasoning,2.0,tbsp
seafood deviled eggs,2 dozen eggs,eggs,2.0,dozen
seafood deviled eggs,2 great for any party...cut in half to make less,,2.0,great
Crispy Prawn Deviled Egg Bites,6 hard-boiled eggs peeled,hard- eggs,6.0,piece
Crispy Prawn Deviled Egg Bites,3 tbsp mayonnaise,mayonnaise,3.0,tbsp
Crispy Prawn Deviled Egg Bites,1 tsp Dijon mustard,dijon mustard,1.0,tsp
Crispy Prawn Deviled Egg Bites,1 tbsp cream cheese,cream cheese,1.0,tbsp
Prawn Egg Deviled,1 spoon mayonnaise,mayonnaise,1.0,spoon
Prawn Egg Deviled,2 spoon schezwan sauce,schezwan sauce,2.0,spoon
Shrimp with mayo on Devilled eggs,3 eggs,eggs,3.0,piece
Shrimp with mayo on Devilled eggs,3 shrimps,shrimps,3.0,piece
Shrimp with mayo on Devilled eggs,1 tsp mustard seeds,mustard seeds,1.0,tsp
Shrimp with mayo on Devilled eggs,1/2 tsp ground mustard,mustard,0.5,tsp
Shrimp with mayo on Devilled eggs,1/2 tsp paprika,paprika,0.5,tsp
Shrimp with mayo on Devilled eggs,10 Refrigerate for 15 mins and enjoy as an entree,,10.0,refrigerate
Shrimp with mayo on Devilled eggs,11 Ready to serve.,to serve.,11.0,ready
Delmonico's Deviled Chicken,2 Chicken Breasts,breasts,2.0,chicken
Delmonico's Deviled Chicken,1 Tbsp Prepared Mustard,prepared mustard,1.0,tbsp
Delmonico's Deviled Chicken,1/2 Tsp Paprika,paprika,0.5,tsp
Delmonico's Deviled Chicken,1 Cup Breadcrumbs,breadcrumbs,1.0,cup
Spiced Deviled eggs,14 eggs boiled,,14.0,eggs
Spiced Deviled eggs,3 table spoons miracle whip,spoons miracle whip,3.0,table
Spiced Deviled eggs,1 table spoon yellow mustard,spoon yellow mustard,1.0,table
Buffalo Chicken Dip Deviled Eggs,12 hard boiled eggs,eggs,12.0,hard
Buffalo Chicken Dip Deviled Eggs,1 tablespoon paprika,paprika,1.0,tablespoon
Buffalo Chicken Dip Deviled Eggs,1-2 cups shredded cheddar cheese,1-2 cups shredded cheddar cheese,1.0,piece
Buffalo Chicken Dip Deviled Eggs,1-2 cups mayonnaise or miracle whip,1-2 cups mayonnaise or miracle whip,1.0,piece
Buffalo Chicken Dip Deviled Eggs,"4 Finally, scoop 1-2 tablespoons of mixture into each egg white half depending on size of your eggs. Sprinkle tops lightly with celery seed and paprika.",finally scoop 1-2 tablespoons of mixture into,4.0,piece
Buffalo deviled eggs,6 hard boiled eggs Sliced in half,eggs in half,6.0,hard
Buffalo deviled eggs,2 tablespoons buffalo wing sauce or sriracha,buffalo wing sauce or sriracha,2.0,tablespoons
Buffalo deviled eggs,1 celery stock diced,stock,1.0,celery
Deviled Chicken Salad,3 stalks celery chopped,celery,3.0,stalks
Deviled Chicken Salad,"1 cup grapes, chopped",grapes,1.0,cup
Deviled Chicken Salad,"2 hardboiled eggs, chopped",eggs,2.0,hardboiled
Deviled Chicken Salad,1/2 cup shredded cheese of your choice,shredded cheese of your choice,0.5,cup
Deviled Chicken Salad,1 cup mayonnaise,mayonnaise,1.0,cup
Deviled Chicken Salad,1/2 tsp smoked paprika,smoked paprika,0.5,tsp
Buttery broccoli salad topped with deviled eggs,2 pounds broccoli,broccoli,2.0,pounds
Buttery broccoli salad topped with deviled eggs,1 pound smoked sausage,smoked sausage,1.0,pound
Buttery broccoli salad topped with deviled eggs,"as needed water, about 1/2 a cup",as needed water about 1/2 a cup,1.0,piece
Buttery broccoli salad topped with deviled eggs,1 cup black ripe olives,black ripe olives,1.0,cup
Buttery broccoli salad topped with deviled eggs,"1-1/2 tablespoons mayonnaise, I used homemade",1-1/2 tablespoons mayonnaise i used homemade,1.0,piece
Buttery broccoli salad topped with deviled eggs,1 teaspoon yellow prepared mustard,yellow prepared mustard,1.0,teaspoon
Buttery broccoli salad topped with deviled eggs,3 black olives sliced,olives,3.0,black
Buttery broccoli salad topped with deviled eggs,1 teaspoon paprika,paprika,1.0,teaspoon
Devilled Chicken Sausage,1 tsp soy sauce,soy sauce,1.0,tsp
"Vickys Halloween Night Devilled Chicken, GF DF EF SF NF",8 chicken drumsticks,drumsticks,8.0,chicken
"Vickys Halloween Night Devilled Chicken, GF DF EF SF NF",3 tbsp Vickys Homemade Worcestershire Sauce from my profile,vickys homemade worcestershire sauce from my profile,3.0,tbsp
"Vickys Halloween Night Devilled Chicken, GF DF EF SF NF",3 tbsp apricot jam,apricot jam,3.0,tbsp
"Vickys Halloween Night Devilled Chicken, GF DF EF SF NF",2 tbsp Vickys Soy-Free Soy Sauce from my profile,vickys soy-free soy sauce from my profile,2.0,tbsp
Oven baked deviled chicken,1/2 cup plain yogurt or Greek yogurt,plain yogurt or greek yogurt,0.5,cup
Oven baked deviled chicken,3 tablespoons Dijon mustard,dijon mustard,3.0,tablespoons
Oven baked deviled chicken,1 teaspoon Tabasco sauce,tabasco sauce,1.0,teaspoon
Oven baked deviled chicken,4 Bake at 50 minutes to an hour until golden brown.,at 50 minutes to an hour until golden brown.,4.0,bake
Chicken deviled,1 cup chopped fresh spinach packed,spinach packed,1.0,cup
Chicken deviled,2 tbsp each ginger and garlic finely chopped,,2.0,tbsp
Chicken deviled,2 tbsp lemon juice,lemon juice,2.0,tbsp
Chicken deviled,8 Chicken thighs skinless,thighs skinless,8.0,chicken
Chicken deviled,5 Serve hot with fresh salad or sides of choice,hot with salad or sides of choice,5.0,serve
Smoky Deviled Eggs,4 tbsp mayo,mayo,4.0,tbsp
Smoky Deviled Eggs,2 tbsp dijon mustard,dijon mustard,2.0,tbsp
Smoky Deviled Eggs,1 tbsp worcestershire sauce,worcestershire sauce,1.0,tbsp
Smoky Deviled Eggs,1 1/2 tsp tabasco,1/2 tsp tabasco,1.0,piece
Smoky Deviled Eggs,1 dash liquid smoke,liquid smoke,1.0,dash
Smoky Deviled Eggs,1 sweet paprika,paprika,1.0,sweet
"Vickys Devilled Pheasant with Onion Rice, GF DF EF SF NF",1 tsp ground ginger,ginger,1.0,tsp
"Vickys Devilled Pheasant with Onion Rice, GF DF EF SF NF",225 grams dry basmati rice,dry basmati rice,225.0,grams
"Vickys Devilled Pheasant with Onion Rice, GF DF EF SF NF",2 tbsp worcestershire sauce,worcestershire sauce,2.0,tbsp
"Vickys Devilled Pheasant with Onion Rice, GF DF EF SF NF",1 tbsp brown sauce such as HP,brown sauce such as hp,1.0,tbsp
"Vickys Devilled Pheasant with Onion Rice, GF DF EF SF NF",1 dash tobasco,tobasco,1.0,dash
Deviled chicken spread,"2 chicken breasts, poached, cooled, shredded",breasts poached cooled shredded,2.0,chicken
Deviled chicken spread,1/4 cup mayonnaise,mayonnaise,0.25,cup
Deviled chicken spread,1 tbsp. honey mustard,tbsp. honey mustard,1.0,piece
Deviled chicken spread,1 tsp. Worcestershire sauce,tsp. worcestershire sauce,1.0,piece
Deviled chicken spread,"1/4 cup chives, chopped",chives,0.25,cup
Szechwan Or devilled chicken livers - MEGA QUICK,100 gr button mushrooms,button mushrooms,100.0,gr
Szechwan Or devilled chicken livers - MEGA QUICK,100 ml water,water,100.0,ml
Szechwan Or devilled chicken livers - MEGA QUICK,2 tbsp balsamic vinegar or cider (not malt),balsamic vinegar or cider not malt,2.0,tbsp
Devilled goose (or duck) liver pate with black pepper and truffle oil ğŸ¥°ğŸ¥°ğŸ¥°,2 dried smoked chipotle chilliâ€™s,smoked chipotle chilliâ€™s,2.0,dried
Devilled goose (or duck) liver pate with black pepper and truffle oil ğŸ¥°ğŸ¥°ğŸ¥°,1 onion diced,,1.0,onion
Devilled goose (or duck) liver pate with black pepper and truffle oil ğŸ¥°ğŸ¥°ğŸ¥°,100 ml double cream,double cream,100.0,ml
