title,description,author,published_date,prep_time,cooking_time,total_time,difficulty,servings,ingredients,instructions,tags,url,image_url
Sri Lankan Sweets and Treats for April New Year,"Sri Lankan Sweets and Treats for April New Year,Traditional Sri Lankan sweets recipes for Sinhala & Hindu New Year,April New Year recipes.",written byAmila Gamage Wickramarachchi,"December 6, 2012",,,,,,,,"Blogging Tips, Food & Travel, Health & Fitness, Reviews, Sweets",https://foodcnr.com/sri-lankan-sweets-and-treats-for-april-new-year/,https://foodcnr.com/wp-content/uploads/2017/04/Sri-Lankan-New-year-Recipes.jpg
Red Kidney Beans Curry in Sri Lankan Style,"Red kidney beans curry in Sri Lankan Style, rajma masala using Sri Lankan spices and it is a healthy and spicy curry gravy in coconut milk,",written byAmila Gamage Wickramarachchi,"May 8, 2019",,,,,4,Remember to soak your beans at least 6-8 hours before cooking. Add a teaspoon of baking soda to your beans during the time you soak. This step will help to soften the beans.,Step 1: Pre-Preparation; Step 2: Preparation; Step 3: Preparation of other ingredients; Step 3: Cooking red kidney beans curry,"Blogging Tips, Food & Travel, Health & Fitness, Reviews, Vegetables and Pulses",https://foodcnr.com/red-kidney-beans-curry-sri-lankan/,https://foodcnr.com/wp-content/uploads/2021/09/Sri-Lankan-Red-kidney-beans-curry.jpg
Beetroot Carrot Mung Parippu Stir Fry,"Beetroot Carrot Mung Parippu stir fry,Instead of a Beetroot carrot Mung Parippu curry I am cooking it as a stirfry with moong dal.",written byAmila Gamage Wickramarachchi,"August 13, 2019",,,,,4,Asian-Style Fish Curries: Traditional Techniques and Modern Adaptations; 8 Best Sri Lankan Salad Recipes to add to your Meal; The Benefits of Mindful Eating; The Best Destinations in the World for Foodies to Visit; The Top Foods To Put On Your Barbeque For The Best Taste Here In Thailand,Step 1: Pre-Preparation; Step 2 : Preparation; Step 3: Cooking the moong dal stir fry with beet and carrot,"Blogging Tips, Food & Travel, Health & Fitness, Reviews, Vegetables and Pulses",https://foodcnr.com/beetroot-carrot-mung-parippu-stir-fry/,https://foodcnr.com/wp-content/uploads/2021/09/Beetroot-carrot-Mung-Parippu-stir-fry-1.jpg
6 Sri Lankan Food Recipes which are Easy to Cook,"Sri Lankan Food which are Easy to Cook,Sri Lankan recipes to try with easy steps,Sri Lankan food recipes including rice and curry",written byAmila Gamage Wickramarachchi,"December 9, 2017",,,,,,Asian-Style Fish Curries: Traditional Techniques and Modern Adaptations; 8 Best Sri Lankan Salad Recipes to add to your Meal; The Benefits of Mindful Eating; The Best Destinations in the World for Foodies to Visit; The Top Foods To Put On Your Barbeque For The Best Taste Here In Thailand,,"Blogging Tips, Food & Travel, Health & Fitness, Reviews, Recipe Collections",https://foodcnr.com/sri-lankan-food-recipes-easy-to-cook/,https://foodcnr.com/wp-content/uploads/2017/09/Sri-Lankan-Food.jpg
Sri Lankan Kiri Ala Curry (Taro Roots Curry),This Sri Lankan Kiri Ala Curry is damn delicious and well goes with plain rice.Also known as Taro Roots Curry is with many health benefits.,written byAmila Gamage Wickramarachchi,"October 5, 2011",,,,,4,Asian-Style Fish Curries: Traditional Techniques and Modern Adaptations; 8 Best Sri Lankan Salad Recipes to add to your Meal; The Benefits of Mindful Eating; The Best Destinations in the World for Foodies to Visit; The Top Foods To Put On Your Barbeque For The Best Taste Here In Thailand,"In Sri Lankan cuisine you can find that there are many curry recipes. Can you imagine a finger licking delicious thick gravy in your plate of rice? If you are not a curry fan, then you will not admire it. But most Sri Lankans love to eat curried vegetables with rice. This is why Sri Lankans have curry recipes for most of the vegetables and some fruits.; My Sri Lankan holidays are always blessed with garden adventures. As of most Sri Lankan homes my mom too maintains a home garden. Therefore we have some home grown vegetables and fruits to cook while enjoying the happiness of gardening.; We had some Kiri Ala plants in a corner of the land which was grown without much care and attention. During the holiday Amma suggested me about cooking Taro roots for lunch assuming there are mature roots in her bunch of plants.","Blogging Tips, Food & Travel, Health & Fitness, Reviews, Vegetables and Pulses",https://foodcnr.com/sri-lankan-kiri-ala-curry/,https://foodcnr.com/wp-content/uploads/2020/04/Sri-Lankan-Taro-Roots-Curry-1.jpg
Sri Lankan Mushroom Stir-Fry Recipe,This Spicy Sri Lankan Mushroom stir-fry is a simple delicious and spicy vegetarian dish.It is cooked with Oyster mushroom and called as Hathu in Sri Lanka.,written byAmila Gamage Wickramarachchi,"July 26, 2013",10 min,10 min,,,4,1noonionMedium sized; 3noGreen chillies; 1pieceRampe (Pandan leaf); 1/4tspmustard seeds; 1/4tspturmeric powder; 1tspchili flakes; 1piececinnamon stick; 1tbspCooking oil to fry,Wash mushroom and drain water.Squeeze the water from mushroom.Then split mushroom in to slices lengthwise.Keep aside.Slice onion and Split green chilies lengthwise.Keep aside.,"Blogging Tips, Food & Travel, Health & Fitness, Reviews, Vegetables and Pulses",https://foodcnr.com/sri-lankan-mushroom-stir-fry/,https://foodcnr.com/wp-content/uploads/2020/02/Oyster-Mushroom-stir-fry.jpg
Sausage Stir fry â€“ Sri Lankan style Recipe,Here is how to cook Sri Lankan style sausage stir fry.If you look for sausage recipes I have shared some easy and quick recipes to cook in a minute.,written byAmila Gamage Wickramarachchi,"October 7, 2012",,,,,4,You have to be quick when you fry sausages.Sausages are easily get burnt.,Step 1: Preparation; Step 2: Cooking,"Blogging Tips, Food & Travel, Health & Fitness, Reviews, Chicken Recipes",https://foodcnr.com/sausage-stir-fry-sri-lankan/,https://foodcnr.com/wp-content/uploads/2019/12/Sausage-stir-fry.jpg
Kurignan Kola Sambolaya : Sri Lankan Edible Leaves,"Kurignan kola sambolaya recipe.Also called as Ceylon cow plant, but itâ€™s botanical name is Gymnema lactiferum.A diabetic friendly Sri lankan recipe",written byAmila Gamage Wickramarachchi,"January 8, 2012",,,,,4,Red Coconut Chutney for Dosa and Idli; Kurignan Kola Sambolaya : Sri Lankan Edible Leaves; Fenugreek Leaves Salad (Uluhal Kola/Methi Leaves); Passion Fruit Leaves Sambola (Raw Passion Fruit Leaves Salad); Sri Lankan Recipe: Kiri Aguna Kola Sambolaya,Step 1:; Step 2:,"Blogging Tips, Food & Travel, Health & Fitness, Reviews, Sambola & Chutney Recipes",https://foodcnr.com/kurignan-kola-sambolaya/,https://foodcnr.com/wp-content/uploads/2019/11/Kurignan-kola-sambola-recipe.jpg
Karawala Thel Dala (Sri Lankan Dried Fish Fry),Karawala thel dala (Sri Lankan dried fish fry)-In Sinhala we call this as Karawala Baduma or Karawala thel dala is a salted fish stir-fry,written byAmila Gamage Wickramarachchi,"January 9, 2017",,,,,,Asian-Style Fish Curries: Traditional Techniques and Modern Adaptations; 8 Best Sri Lankan Salad Recipes to add to your Meal; The Benefits of Mindful Eating; The Best Destinations in the World for Foodies to Visit; The Top Foods To Put On Your Barbeque For The Best Taste Here In Thailand,Step 1: Preparation; Step 2: Cooking,"Blogging Tips, Food & Travel, Health & Fitness, Reviews, Fish Recipes",https://foodcnr.com/karawala-thel-dala-sri-lankan-dried-fish-fry/,https://foodcnr.com/wp-content/uploads/2019/11/Sri-Lankan-Karawala-Baduma.jpg
Sri Lankan Style Arugula Sambola (Arugula Salad),This is a Sri Lankan Style Arugula Sambola or Arugula Salad which you can prepare with raw leaves.It is crunchy and healthy way to add arugula to your meal.,written byAmila Gamage Wickramarachchi,"September 22, 2011",,,,,4,Asian-Style Fish Curries: Traditional Techniques and Modern Adaptations; 8 Best Sri Lankan Salad Recipes to add to your Meal; The Benefits of Mindful Eating; The Best Destinations in the World for Foodies to Visit; The Top Foods To Put On Your Barbeque For The Best Taste Here In Thailand,"Step
1:; Step
2:","Blogging Tips, Food & Travel, Health & Fitness, Reviews, Salad Recipes",https://foodcnr.com/sri-lankan-arugula-sambola/,https://foodcnr.com/wp-content/uploads/2019/10/Sri-Lankan-Arugula-sambola.jpg
Sri Lankan Bath Aggala (Leftover Rice Balls),"Called as Bath Aggala,Bath Guli or rice balls this is a Sri Lankan traditional snack prepared with leftover rice.A delicious leftover food recipe!",written byAmila Gamage Wickramarachchi,"October 11, 2011",,,,,12,Sri Lankan Sweets and Treats for April New Year; Marshmallow Recipe Without Corn Syrup; Sri Lankan Bath Aggala (Leftover Rice Balls); Sri Lankan Kokis with Sesame Seeds; Mung Guli (A Sri Lankan Traditional Sweet),Step 1: Toast rice in low heat until the colour changes to a golden brown. Donâ€™t burn.; Step 2: Grind the rice to powder.; Step 3: Use the flour to make the rice balls (Bath aggala); Step 1: Preparation of rice powder; Step 2: Preparation of the rice balls,"Blogging Tips, Food & Travel, Health & Fitness, Reviews, Sweets",https://foodcnr.com/bath-aggala-sri-lankan-leftover-rice-balls/,https://foodcnr.com/wp-content/uploads/2019/09/Sri-Lankan-Bath-Aggala.jpg
Black Eyed Beans Stir Fry : Sri Lankan Breakfast,This is a vegetarian recipe with black eyed beans.Try Black Eyed Beans Stir Fry cooked in Sri lankan style.Also named as cowpea or black eyed peas.,written byAmila Gamage Wickramarachchi,"July 23, 2018",10 min,30 min,,,1,2cupsBlack eyed beans; 2tbspRed chili flakes; 2nosDried red chili; 2sprigsCurry leaves; 1piecerampe; 1nomedium sized onion sliced; 1tspnmustard seeds; 2tbspcooking oil; saltas per taste,Soak black eyed beans in water for about 6 hours.,"Blogging Tips, Food & Travel, Health & Fitness, Reviews, Vegetables and Pulses",https://foodcnr.com/black-eyed-beans-stir-fry/,https://foodcnr.com/wp-content/uploads/2019/08/black-eyed-beans-stir-fry.jpg
Potato and Egg Curry from Sri Lanka,This Sri lankan Potato and Egg Curry is a great way to combine both eggs and potatoes in a same curry.In Sinhalese it is called Ala saha biththara hodi.,written byAmila Gamage Wickramarachchi,"April 27, 2019",,,,,,Potato and Egg Curry from Sri Lanka; How To Make A Sri Lankan Omelette: 2 Recipes To Spice Up Your Morning; Quick Veggie Omelette; Easy Egg Salad â€“ Sri Lankan Style; Sambal Eggs,"Well,I have a reason to combine both potatoes and hard boiled eggs in to a curry.My kid doesnâ€™t like eggs.But he likes potatoes.If I cook hard boiled eggs or evenomelette,it is part of a parenting struggle to feed him.Anyway I am a mom who doesnâ€™t beg the kid to eat. ðŸ™‚ But,I am good at hiding food in his meal.; Sri Lankan Potato and Egg Curry; Cooking this eggs and potatoes curry is an easier way to add eggs or flavours of eggs to the curry.Without much egg flavours,he eats the potato curry with at least a portion of nutrients.Sigh! ðŸ™‚","Blogging Tips, Food & Travel, Health & Fitness, Reviews, Egg Recipes",https://foodcnr.com/sri-lankan-potato-and-egg-curry/,https://foodcnr.com/wp-content/uploads/2019/08/potato-and-egg-curry.jpg
Canned Tuna Stir Fry Recipe,"This Canned Tuna Stir Fry is a popula Sri Lankan recipe that is easy to cook.You can add tomato,bell peppers or banana peppers to make this more flavourful.",written byAmila Gamage Wickramarachchi,"October 13, 2014",10 min,15 min,,,1,1nomedium sized Onion; 3clovesof garlic; 2noGreenchili; 1tspncrushed black pepper; 1tspnRedchilli powder; 2tspnchili flakes; 1/4tspnTurmericpowder; 1/2tspnMustardseeds; 2tbspCooking Oil,"Drain waterfrom the tuna tin. Keep aside.(If you use tuna in oil, then you can use thatoil for cooking tuna stir fry)Remove skin,Wash and Slice the onionCrush theblack peppercorn coarsely.Slit thegreen chilies. Keep aside","Blogging Tips, Food & Travel, Health & Fitness, Reviews, Fish Recipes",https://foodcnr.com/canned-tuna-stir-fry/,https://foodcnr.com/wp-content/uploads/2019/07/canned-tuna-stir-fry.jpg
Tapioca with Coconut / Manyokka Mallum,"Here is how to cook manyokka mallum or Tapioca with grated coconut.Tapioca, manioc or locally called as Manyokka is a popular crop in Sri Lankan cuisine.",written byAmila Gamage Wickramarachchi,"December 7, 2017",15 min,15 min,,,5,1cupFresh grated coconut; 3noGreen chillies; 1/2noMedium sized onion; 3noGarlic cloves; 1tspnBlack pepper; 1/2tspnMustard seeds; 1/2tspnTurmeric powder; 1tspnSri lankan Raw curry powder; 1pieceCinnamon; 1/2tspnSalt as per taste,"Step 1: PreparationPeal manioc and remove the skinpart.Wash and remove any sandparticles in it.Cut into small bite size piecesAdd manioc into a large pot. Addturmeric powder and a pinch of salt.Boil manioc in water withoutclosing. (Do not close the pot with a lid when you boil manioc.)Remove excess water once maniocis cooked well, Keep it aside.Step 2: Prepare the coconut pasteGrind grated coconut with Blackpepper, mustard seeds, onion, garlic, and salt. You can add 1 green chili forthis paste. Keep other chilies sliced to add later.You can taste this coconut pasteat this stage and adjust salt if necessary.Step 3 : Cooking Manyokka MallumaIn a cooking pot, add the groundcoconut paste. Add other remaining ingredients which are raw curry powder, cinnamon,sliced green chili and curry leaves.Add around 1 tbsp. water to theground coconut paste.(donâ€™t add more water)Cook in low flame till theingredients are soft enough.Then add boiled manioc/tapioca tothe coconut paste.Mix well.Cook in low flame for another 1-2minutes.Remove from the cooker.Mix well and Allow to rest.A delicious manyokka mallum isready to serve with plain rice!","Blogging Tips, Food & Travel, Health & Fitness, Reviews, Recipes",https://foodcnr.com/tapioca-with-coconut-manyokka-mallum/,https://foodcnr.com/wp-content/uploads/2019/07/Manioc-recipes.jpg
Breadfruit Curry (Sri Lankan Del Curry),"Call it del curry,breadfruit curry or ulu fruit curry this is a delicious dish for curry lovers.Here is the recipe of Sri Lankan Breadfruit curry.",written byAmila Gamage Wickramarachchi,"November 4, 2013",20 min,15 min,,,5,1NoBreadfruitmature and raw breadfruit; 1/2Nomedium sized onionsliced; 3Nogreen chilisliced; 1/4tspturmeric powder; 1tspraw curry powder; 1tspfenugreek seeds; 1inchcinnamon piece; 1inchRampe/pandan leaves; 1cupthick coconut milk; 1cupthin coconut milk,"Remove the skin of breadfruit.Also remove the top hard parts of breadfruit after cutting the breadfruit in to halves.Wash and cut breadfruit into bite size pieces.In a cooking pot (a clay pot is better), add cubed bradfruit.Add sliced green chili, sliced onion, turmeric powder, raw curry powder, fenugreek seeds, cinnamon, curry leaves and pandan leaf. Add salt too.Add thin coconut milk and cook till breadfruit is well cooked.When breadfruit is well cooked(boiled), add thick coconut milk to it.Allow simmering while stirring the curry to avoid any clumps.Adjust salt as per taste.","Blogging Tips, Food & Travel, Health & Fitness, Reviews, Vegetables and Pulses",https://foodcnr.com/sri-lankan-breadfruit-curry/,https://foodcnr.com/wp-content/uploads/2019/07/Sri-Lankan-Breadfruit-curry.jpg
Fried Sprats Peanuts and Kathurumurunga Leaves Baduma,"This fried Sprats, peanuts and Kathurumurunga leaves Baduma is a Sri Lankan recipe that suits as a crunchy spicy side to serve with rice and curry.",written byAmila Gamage Wickramarachchi,"March 25, 2014",,,,,,Asian-Style Fish Curries: Traditional Techniques and Modern Adaptations; 8 Best Sri Lankan Salad Recipes to add to your Meal; The Benefits of Mindful Eating; The Best Destinations in the World for Foodies to Visit; The Top Foods To Put On Your Barbeque For The Best Taste Here In Thailand,"Remove the head part of the
sprats, clean and wash. Drain water and keep aside.; Wash kathurumurunga leaves and
keep aside to drain water completely.; Wash and drain water from
peanuts.","Blogging Tips, Food & Travel, Health & Fitness, Reviews, Appetizers and Snacks",https://foodcnr.com/fried-sprats-peanuts-and-kathurumurunga-leaves/,https://foodcnr.com/wp-content/uploads/2019/06/Fried-Sprats-peanuts.jpg
Canned Tuna Curry Recipe / Tuna Fish Curry,If you look for canned tuna recipes then I am sure this tuna fish curry will get your attention.Here is easy canned tuna curry recipe!,written byAmila Gamage Wickramarachchi,"April 30, 2020",,,,,4,Asian-Style Fish Curries: Traditional Techniques and Modern Adaptations; 8 Best Sri Lankan Salad Recipes to add to your Meal; The Benefits of Mindful Eating; The Best Destinations in the World for Foodies to Visit; The Top Foods To Put On Your Barbeque For The Best Taste Here In Thailand,"Open the canned tuna fish tin
& separate the fish pieces on a plate. Â If the tuna is in oil, you can use the same
oil for cooking this curry.; Heat oil in a pan.(Either new
cooking oil or you can use oil from the tuna can if you use canned tuna in oil).; When oil is hot add mustard
seeds. Once mustard seeds start spluttering, add onion. Then add garlic, green chili
& curry leaves.","Blogging Tips, Food & Travel, Health & Fitness, Reviews, Fish Recipes",https://foodcnr.com/canned-tuna-curry-recipe-fish/,https://foodcnr.com/wp-content/uploads/2019/06/canned-tuna-curry.jpg
Thibbatu Mallum (Turkey Berry Recipe),Thibbatu mallum is another popular way to cook Turkey berries or sundakkai or Thibbatu as we called in Sri Lanka. Easy Thibbatu recipe with coconut.,written byAmila Gamage Wickramarachchi,"July 29, 2019",10 min,10 min,,,1,1/2Nos.medium size onion sliced finely; 1pieceRampe (Pandan Leaves); 2Nos.Green chilli; 1/4tspTurmeric Powder; 1/2tspfenugreek seeds; 1/2tspraw curry powder; 1inchpiece of cinnamon; 1/2cupFresh grated coconut,"First, wash and remove seeds of thibbatu. Wash properly.Drain water. Add Â½ tspn turmeric powder to cleaned Thibbatu and mix well. Thisstep is to prevent Thibbatu from discolouring. Keep aside.","Blogging Tips, Food & Travel, Health & Fitness, Reviews, Vegetables and Pulses",https://foodcnr.com/thibbatu-mallum-turkey-berry-recipe/,https://foodcnr.com/wp-content/uploads/2019/05/Thibbatu-mallum.jpg
Polos Curry (Sri Lankan Baby Jackfruit Curry),Here is Sri Lankan polos curry recipe if you look for how to cook Baby jackfruit curry. Also called as Green jackfruit curry or Polos ambula.,written byAmila Gamage Wickramarachchi,"October 29, 2013",1 min,1 min,,,6,3tbspRed Chili Powder; 1tspTurmeric Powder; 3tbspSri Lankan Raw curry powder,Dry roast the spice powders until golden brown. Keep aside. Remembernot to burn.Roast 1/2 tspn of mustard seeds. Grind it into powder andkeep aside.,"Blogging Tips, Food & Travel, Health & Fitness, Reviews, Vegetables and Pulses",https://foodcnr.com/polos-curry-sri-lankan-baby-jackfruit-curry/,https://foodcnr.com/wp-content/uploads/2012/11/Sri-Lankan-Polos-Curry-Recipe.jpg
Kathurumurunga Flowers Curry (Bok Phool  / Agasti flowers),Kathurumurunga Flowers is an edible flower and there are many ways to cook it. Here is Kathurumurunga Flowers curry Sri Lankan recipe.,written byAmila Gamage Wickramarachchi,"September 26, 2019",,,,,3-4,Sri Lankan Sweets and Treats for April New Year; Red Kidney Beans Curry in Sri Lankan Style; Beetroot Carrot Mung Parippu Stir Fry; 6 Sri Lankan Food Recipes which are Easy to Cook; Sri Lankan Kiri Ala Curry (Taro Roots Curry),"Clean kathurumurunga flowers, remove the stem
in middle. Wash and drain water. Cut into small pieces. Keep aside.; Wash
and dice tomato into pieces.; In a
pot, add all the spices together with, tomato, onion, green chili & curry
leaves. Add a dash of salt.","Blogging Tips, Food & Travel, Health & Fitness, Reviews, Vegetables and Pulses",https://foodcnr.com/kathurumurunga-flowers-curry/,https://foodcnr.com/wp-content/uploads/2019/05/Kathurumurunga-mal-curry.jpg
Salaya Fish Deep Fried,"Salaya Fish Deep Fried,Salaya is a popular Sri Lankan fish which is also known as healthy. In Sri Lanka we call this dish as 'Malu Badala'",written byAmila Gamage Wickramarachchi,"July 10, 2011",,,,,,Asian-Style Fish Curries: Traditional Techniques and Modern Adaptations; 8 Best Sri Lankan Salad Recipes to add to your Meal; The Benefits of Mindful Eating; The Best Destinations in the World for Foodies to Visit; The Top Foods To Put On Your Barbeque For The Best Taste Here In Thailand,"First clean the
fish. Remove fins and unnecessary parts. Remove the tail too.; Wash properly
and keep aside for draining water.; In a bowl add
salt and crushed black pepper to the cleaned fish. Mix properly.","Blogging Tips, Food & Travel, Health & Fitness, Reviews, Fish Recipes",https://foodcnr.com/salaya-fish-deep-fried/,https://foodcnr.com/wp-content/uploads/2019/05/Badapu-malu.jpg
"Garlic, Curry Leaves and Goraka Paste","If you look for a Sri Lankan recipe that lowers cholesterol or good for heart health, then you may have heard of this garlic, curry leaves goraka paste.",written byAmila Gamage Wickramarachchi,"December 27, 2011",,,,,,Asian-Style Fish Curries: Traditional Techniques and Modern Adaptations; 8 Best Sri Lankan Salad Recipes to add to your Meal; The Benefits of Mindful Eating; The Best Destinations in the World for Foodies to Visit; The Top Foods To Put On Your Barbeque For The Best Taste Here In Thailand,"Wash Gamboge, squeeze water and keep aside.; Remove skins of garlic. Wash and clean all
ingredients before making the paste.; In a grinder or even using a grinding
stone, grind all ingredients together as a paste.","Blogging Tips, Food & Travel, Health & Fitness, Reviews, Recipes",https://foodcnr.com/garlic-curry-leaves-goraka-paste/,https://foodcnr.com/wp-content/uploads/2019/05/Goraka-garlic-curryleaves-paste.jpg
Sri Lankan Kakiri Curry,"Sri Lankan kakiri curry,Kakiri curry is another delicious Sri Lankan curry which comes to the table with flavours of Ceylon spices",written byAmila Gamage Wickramarachchi,"November 3, 2014",,,,,,Asian-Style Fish Curries: Traditional Techniques and Modern Adaptations; 8 Best Sri Lankan Salad Recipes to add to your Meal; The Benefits of Mindful Eating; The Best Destinations in the World for Foodies to Visit; The Top Foods To Put On Your Barbeque For The Best Taste Here In Thailand,"Wash the yellow cucumber (Kakiri), Remove
the top and bottom parts of the cucumber.; Then cut it into bite size pieces. Donâ€™t
forget to remove the seeds when you cut yellow cucumber.(kakiri); In another pan, toast the spices until
golden brown.(red chilli powder, turmeric powder and raw spice powder)","Blogging Tips, Food & Travel, Health & Fitness, Reviews, Vegetables and Pulses",https://foodcnr.com/sri-lankan-kakiri-curry/,https://foodcnr.com/wp-content/uploads/2019/03/Kekiri-curry.jpg
Thibbatu Stir Fry (Thibbatu thel dala),"Sri Lankan Thibbatu Stir Fry (Thibbatu thel dala),Sri Lankan Thibbatu Stir Fry or Thibbatu thel dala as we call it in Sri Lanka is an easy to cook dish",written byAmila Gamage Wickramarachchi,"July 1, 2015",10 min,10 min,20 min,,1,1Nos.medium size onion sliced finely; 3Nos.garlic cloves chopped; 2NosGreen chilli; 2TbspnCooking oil; 1/2tspnMustard seeds; 1/4tspnTurmeric Powder; 1/2tspnRed chili flakes; 1inchRampe,"Clean the Thibbatu as mentioned above. Washthoroughly. Add turmeric powder. Keep aside till other steps are done.Wash dry sprats and keep aside to drainwater.Heat a pan over medium heat. Add cooking oil. When the oil is hot,add mustard seeds.When the mustard seeds start splutter, add chopped garlic.Then add curry leaves and dried sprats. Let it cook until the sprats change its colour.At this time add onions and fry.When onions become tender and start emitting aroma, add thibbatu and mix well.Add the piece of rampe too.Add little bit of turmeric powder as necessary. Then add red chili flakes.Mix well.Add salt as per taste and mix well till everything combine well.When the thibbatu is done and change its colour, remove from the heat.Thibbatu stir fry is ready to serve with plain rice.Enjoy!","Blogging Tips, Food & Travel, Health & Fitness, Reviews, Vegetables and Pulses",https://foodcnr.com/thibbatu-stir-fry-thibbatu-thel-dala/,https://foodcnr.com/wp-content/uploads/2019/03/Thibbatu-stir-fry.jpg
Sri Lankan Tomato and Onion Salad (Thakkali Sambola),"Sri Lankan Tomato and Onion salad (Thakkali Sambola),Sri Lankan Onion salad,A simple onion salad from Sri Lanka,Sri Lankan salads.",written byAmila Gamage Wickramarachchi,"March 15, 2013",,,,,5,Asian-Style Fish Curries: Traditional Techniques and Modern Adaptations; 8 Best Sri Lankan Salad Recipes to add to your Meal; The Benefits of Mindful Eating; The Best Destinations in the World for Foodies to Visit; The Top Foods To Put On Your Barbeque For The Best Taste Here In Thailand,"Anyway, in Sri Lanka, we also enjoy â€˜Katta Sambalâ€™ which is more hot and spicy with added red chili flakes. But this Tomato and Onion sambol (orthakkali sambola) is not that hot. If you want it to be more hot, then add more green chillies, red chili flakes and black pepper powder.; Ingredients (for 4-5 servings); 1-2 tspn red chili flakes","Blogging Tips, Food & Travel, Health & Fitness, Reviews, Recipes",https://foodcnr.com/sri-lankan-tomato-and-onion-salad/,https://foodcnr.com/wp-content/uploads/2018/11/lunu-miris.jpg
Passion Fruit Leaves Sambola (Raw Passion Fruit Leaves Salad),"Passion Fruit Leaves Sambola (Raw Passion Fruit Leaves Salad),Healthy Benefits of Passion Fruit leaves,Passion Fruit leaves recipes",written byAmila Gamage Wickramarachchi,"December 28, 2011",,,,,3,Asian-Style Fish Curries: Traditional Techniques and Modern Adaptations; 8 Best Sri Lankan Salad Recipes to add to your Meal; The Benefits of Mindful Eating; The Best Destinations in the World for Foodies to Visit; The Top Foods To Put On Your Barbeque For The Best Taste Here In Thailand,Step 1:; Step 2:; Step 3:,"Blogging Tips, Food & Travel, Health & Fitness, Reviews, Recipes",https://foodcnr.com/passion-fruit-leaves-sambola/,https://foodcnr.com/wp-content/uploads/2018/10/passion-fruit-leaves-salad.jpg
Sri Lankan Malay Pickle (Malay Achcharu),"Sri Lankan Malay Pickle (Malay Achcharu),How to make malay achcharu sri lanka,Malay achcharu recipe with photos,easy malay pickle recipe",written byAmila Gamage Wickramarachchi,"April 9, 2011",,,,,6,Asian-Style Fish Curries: Traditional Techniques and Modern Adaptations; 8 Best Sri Lankan Salad Recipes to add to your Meal; The Benefits of Mindful Eating; The Best Destinations in the World for Foodies to Visit; The Top Foods To Put On Your Barbeque For The Best Taste Here In Thailand,Step 2:; Step 3:,"Blogging Tips, Food & Travel, Health & Fitness, Reviews, Pickle Recipes",https://foodcnr.com/sri-lankan-malay-pickle-malay-achcharu/,https://foodcnr.com/wp-content/uploads/2011/09/Sri-Lankan-Malay-achcharu-recipe.jpg
Sri Lankan Beetroot Salad â€“ Quick and Easy!,"Sri Lankan Beetroot Salad, Beet salad or beetroot salad is another popular healthy salad from Sri Lanka,Beetroot recipes,Easy salad recipes",written byAmila Gamage Wickramarachchi,"September 4, 2013",,,,,,Asian-Style Fish Curries: Traditional Techniques and Modern Adaptations; 8 Best Sri Lankan Salad Recipes to add to your Meal; The Benefits of Mindful Eating; The Best Destinations in the World for Foodies to Visit; The Top Foods To Put On Your Barbeque For The Best Taste Here In Thailand,"Below is the easy steps on making this Sri Lankan Beetroot salad. If you like vegetables and different salad recipes, this salad will sure be a hit!; Sri Lankan Beetroot Salad; If you want to boil your beetroots fast,you can easily use your instant pot too.You can use steam function or boil with water.From recent I like to use instant pot for most of my cooking and it also has some functions of slow cooker.However before you buy any instant pot,be sure to read anyinstant pot reviewto know all the features it belongs.Soon,I will also share some instant pot recipes in this blog Food Corner.These days I am cooking more with my instant pot! ðŸ™‚","Blogging Tips, Food & Travel, Health & Fitness, Reviews, Salad Recipes",https://foodcnr.com/sri-lankan-beetroot-salad/,https://foodcnr.com/wp-content/uploads/2018/07/Sri-Lankan-beetroot-salad.jpg
Chickpea Recipes : Boiled and Tempered Chickpeas (Thambapu Kadala),"Chickpea Recipes : Boiled and Tempered Chickpeas (Thambapu Kadala),Sri Lankan chickpea recipes,Sri Lankan breakfast recipe,thambapu kadala recipe",written byAmila Gamage Wickramarachchi,"June 30, 2014",,,,,2,Sri Lankan Sweets and Treats for April New Year; Red Kidney Beans Curry in Sri Lankan Style; Beetroot Carrot Mung Parippu Stir Fry; 6 Sri Lankan Food Recipes which are Easy to Cook; Sri Lankan Kiri Ala Curry (Taro Roots Curry),,"Blogging Tips, Food & Travel, Health & Fitness, Reviews, Recipes",https://foodcnr.com/chickpea-recipes-tempered-chickpeas/,https://foodcnr.com/wp-content/uploads/2018/07/Sri-Lankan-breakfast-recipes.jpg
Sri Lankan Wambatu Moju (Brinjal Moju),"Sri Lankan wambatu moju or brinjal moju is another delicious recipe from Sri Lankan cuisine,Things to know before cooking Wambatu moju (Brinjal moju)",written byAmila Gamage Wickramarachchi,"August 21, 2011",,,,,4-5,Asian-Style Fish Curries: Traditional Techniques and Modern Adaptations; 8 Best Sri Lankan Salad Recipes to add to your Meal; The Benefits of Mindful Eating; The Best Destinations in the World for Foodies to Visit; The Top Foods To Put On Your Barbeque For The Best Taste Here In Thailand,Step 1:; Step 2:; Step 3:,"Blogging Tips, Food & Travel, Health & Fitness, Reviews, Pickle Recipes",https://foodcnr.com/wambatu-moju-brinjal-moju/,https://foodcnr.com/wp-content/uploads/2011/10/Sri-Lankan-wambatu-moju.jpg
Sri Lankan Southern Style Fish Ambul Thiyal,"Fish ambul thiyal, malu ambul thiyal or as some call it â€˜sour fish curryâ€™ is a delicious way of preparing fish in Sri Lanka. Usually Southern part of Sri Lanka is popular for its Malu Ambul thiyal curry. This is why it is called as â€˜Dakune malu Ambul Thiyalâ€™.",written byAmila Gamage Wickramarachchi,"September 7, 2021",,,,,,Asian-Style Fish Curries: Traditional Techniques and Modern Adaptations; 8 Best Sri Lankan Salad Recipes to add to your Meal; The Benefits of Mindful Eating; The Best Destinations in the World for Foodies to Visit; The Top Foods To Put On Your Barbeque For The Best Taste Here In Thailand,"1. In Sri Lankan cooking, there is no perfect way for cooking any dish. So, there may have small differences in Ingredients if you check the same recipe from different parts of Sri Lanka.; 2. Donâ€™t worry about any other ingredients such as cinnamon. They will add aroma and flavour. But, the main flavour is from goraka, black pepper and salt.; 3. Taste your goraka, pepper and salt paste before adding to fish. In this step, you can adjust salt if needed.; 4. Instead of pepper powder, use fresh black pepper corn. Freshly grounded black pepper will add more flavour to your curry.; 5. Donâ€™t worry about banana leaf though it adds aroma to your dish. If you canâ€™t find banana leaf, use curry leaves to the bottom of the clay pot.You can use pandan leaf too. (Rampe); 6. While the taste of fish ambul thiyal is a mix of sour, hot and salty taste, the appearance should be in between black and grey.; Step 1 (preparation); Step 2 (preparing the paste); Step 3 (Cooking)","Blogging Tips, Food & Travel, Health & Fitness, Reviews, Fish Recipes",https://foodcnr.com/fish-ambul-thiyal-sri-lankan-southern-style/,https://foodcnr.com/wp-content/uploads/2018/05/Sri-LankanFish-Ambul-Thiyal-1.jpg
Sri Lankan Kola Kanda Recipe (Herbal Porridge) + Reasons for Bed Allergies,"Sri Lankan Kola Kanda Recipe (Herbal Porridge), What are the leaves suitable for Sri Lankan Kola Kanda? Making herbal gruel",written byAmila Gamage Wickramarachchi,"April 16, 2011",,,,,,Asian-Style Fish Curries: Traditional Techniques and Modern Adaptations; 8 Best Sri Lankan Salad Recipes to add to your Meal; The Benefits of Mindful Eating; The Best Destinations in the World for Foodies to Visit; The Top Foods To Put On Your Barbeque For The Best Taste Here In Thailand,"When rice is cooked well, add the juice of the leaves which we kept aside.; Add salt as per taste. Mix well and simmer. Add a little bit of water to achieve the required thickness of the porridge.; When the porridge starts boiling, remove it from the heat.","Blogging Tips, Food & Travel, Health & Fitness, Reviews, Recipes",https://foodcnr.com/sri-lankan-kola-kanda-recipe/,https://foodcnr.com/wp-content/uploads/2018/01/Sri-Lankan-Kola-Kanda-recipe.jpg
Sri Lankan Kokis with Sesame Seeds,"Sri Lankan Kokis with Sesame Seeds,How to make kokis,Tips to make kokis in delicious way,Sri Lankan traditional sweets recipes",written byAmila Gamage Wickramarachchi,"December 6, 2012",,,,,,Asian-Style Fish Curries: Traditional Techniques and Modern Adaptations; 8 Best Sri Lankan Salad Recipes to add to your Meal; The Benefits of Mindful Eating; The Best Destinations in the World for Foodies to Visit; The Top Foods To Put On Your Barbeque For The Best Taste Here In Thailand,,"Blogging Tips, Food & Travel, Health & Fitness, Reviews, Recipes",https://foodcnr.com/sri-lankan-kokis-with-sesame-seeds/,https://foodcnr.com/wp-content/uploads/2017/12/Sri-Lankan-Kokis-with-Sesame-seeds.jpg
Sri Lankan Fish Cutlets Recipe from My Mother in Law,"Sri Lankan Fish Cutlets Recipe from My Mother in Law,how to make fish cutlets in Sri Lanka,Sri Lankan short eats recipes,Fish cutlets recipe",written byAmila Gamage Wickramarachchi,"April 30, 2020",,,,,,,,"Blogging Tips, Food & Travel, Health & Fitness, Reviews, Appetizers and Snacks",https://foodcnr.com/sri-lankan-fish-cutlets-recipe/,https://foodcnr.com/wp-content/uploads/2017/11/cutlets-recipe-Sri-Lanka-6.jpg
Sri Lankan Recipe: Kiri Aguna Kola Sambolaya,"Sri Lankan Recipe: Kiri Aguna Kola Sambolaya ,Kiri Anguna kola sambolaya,Sri Lankan edible leaves,Sri Lankan diabetic friendly recipes",written byAmila Gamage Wickramarachchi,"January 23, 2015",,,,,,Asian-Style Fish Curries: Traditional Techniques and Modern Adaptations; 8 Best Sri Lankan Salad Recipes to add to your Meal; The Benefits of Mindful Eating; The Best Destinations in the World for Foodies to Visit; The Top Foods To Put On Your Barbeque For The Best Taste Here In Thailand,,"Blogging Tips, Food & Travel, Health & Fitness, Reviews, Recipes",https://foodcnr.com/sri-lankan-recipe-kiri-aguna-kola-sambolaya/,https://foodcnr.com/wp-content/uploads/2017/11/Sri-Lankan-kiri-aguna-kola-sambolaya.jpg
Sri Lankan Gaslabu Mallum (Raw Papaya with Grated Coconut),"Sri Lankan Gaslabu mallum (Raw Papaya with grated coconut),Cooking recipes with fruits,Sri Lankan mallum recipes with fruits,papaya mallun",written byAmila Gamage Wickramarachchi,"November 9, 2011",,,,,3-4,Asian-Style Fish Curries: Traditional Techniques and Modern Adaptations; 8 Best Sri Lankan Salad Recipes to add to your Meal; The Benefits of Mindful Eating; The Best Destinations in the World for Foodies to Visit; The Top Foods To Put On Your Barbeque For The Best Taste Here In Thailand,,"Blogging Tips, Food & Travel, Health & Fitness, Reviews, Recipes",https://foodcnr.com/sri-lankan-gaslabu-mallum-raw-papaya/,https://foodcnr.com/wp-content/uploads/2017/11/gaslabu-mallum.jpg
Sri Lankan Raw Mango Curry (Amba Maluwa),"Sri Lankan Raw Mango Curry,Green mango curry,edible fruits curry,Sri Lankan recipes with edible fruits,Sri Lankan recipes blog,Food Corner blog",written byAmila Gamage Wickramarachchi,"September 7, 2021",,,,,,Asian-Style Fish Curries: Traditional Techniques and Modern Adaptations; 8 Best Sri Lankan Salad Recipes to add to your Meal; The Benefits of Mindful Eating; The Best Destinations in the World for Foodies to Visit; The Top Foods To Put On Your Barbeque For The Best Taste Here In Thailand,Step 1: Prepare the spice paste; Step 2: preparation; Step 3: Cooking,"Blogging Tips, Food & Travel, Health & Fitness, Reviews, Recipes",https://foodcnr.com/sri-lankan-raw-mango-curry/,https://foodcnr.com/wp-content/uploads/2017/10/Sri-Lankan-Raw-Mango-Curry-recipe.jpg
Sri Lankan Thalana Batu Thel Dala (Thai Eggplant Stir-fry),"Thai Eggplant Stir-fry (Sri Lankan Thalana Batu Thel Dala),Thalana batu (Thai Eggplant) or ela batu is another vegetable that is available in Sri Lanka",written byAmila Gamage Wickramarachchi,"December 5, 2013",,,,,3-4,Asian-Style Fish Curries: Traditional Techniques and Modern Adaptations; 8 Best Sri Lankan Salad Recipes to add to your Meal; The Benefits of Mindful Eating; The Best Destinations in the World for Foodies to Visit; The Top Foods To Put On Your Barbeque For The Best Taste Here In Thailand,,"Blogging Tips, Food & Travel, Health & Fitness, Reviews, Recipes",https://foodcnr.com/sri-lankan-thalana-batu-thel-dala/,https://foodcnr.com/wp-content/uploads/2017/10/thalana-batu-sri-lanka-recipe.jpg
Sarana Leaves with Coconut Paste (Sri Lankan Watercress Recipe),"Sarana Leaves with Coconut Paste (Sri Lankan Watercress Recipe),Sarana Niyambalawa,Sri Lankan recipes with green leaves,Leafy vegetable recipes Sri Lanka",written byAmila Gamage Wickramarachchi,"June 4, 2014",,,,,,Asian-Style Fish Curries: Traditional Techniques and Modern Adaptations; 8 Best Sri Lankan Salad Recipes to add to your Meal; The Benefits of Mindful Eating; The Best Destinations in the World for Foodies to Visit; The Top Foods To Put On Your Barbeque For The Best Taste Here In Thailand,,"Blogging Tips, Food & Travel, Health & Fitness, Reviews, Vegetables and Pulses",https://foodcnr.com/sarana-leaves-with-coconut-paste/,https://foodcnr.com/wp-content/uploads/2017/08/sarana-recipes-Sri-Lanka.jpg
Karawila Mallung (Bitter Gourd with Grated Coconut),"Karawila Mallung (Bitter Gourd with Grated Coconut),Sri Lankan Karawila recipes,Karawila with coconut,Sri Lankan Diabetic friendly recipes",written byAmila Gamage Wickramarachchi,"May 30, 2016",,,,,2-3,Asian-Style Fish Curries: Traditional Techniques and Modern Adaptations; 8 Best Sri Lankan Salad Recipes to add to your Meal; The Benefits of Mindful Eating; The Best Destinations in the World for Foodies to Visit; The Top Foods To Put On Your Barbeque For The Best Taste Here In Thailand,Step 1:; Step 2:; Step 3:,"Blogging Tips, Food & Travel, Health & Fitness, Reviews, Vegetables and Pulses",https://foodcnr.com/karawila-mallung-bitter-gourd-grated-coconut/,https://foodcnr.com/wp-content/uploads/2017/06/Bittergourd-recipes.jpg
Multigrain Roti â€“ The Sri Lankan Style Multigrain Pol Roti,"Multigrain Roti - Sri Lankan Style pol roti, Sri Lankan toddler food ideas, Sri Lankan healthy Roti recipes, Kids healthy recipes Sri Lanka",written byAmila Gamage Wickramarachchi,"August 23, 2011",,,,,,Asian-Style Fish Curries: Traditional Techniques and Modern Adaptations; 8 Best Sri Lankan Salad Recipes to add to your Meal; The Benefits of Mindful Eating; The Best Destinations in the World for Foodies to Visit; The Top Foods To Put On Your Barbeque For The Best Taste Here In Thailand,,"Blogging Tips, Food & Travel, Health & Fitness, Reviews, Bread,Bun,Pizza and Baking recipes",https://foodcnr.com/multigrain-roti-sri-lankan-style-pol-roti/,https://foodcnr.com/wp-content/uploads/2017/06/multigrain-pol-roti.jpg
Protein Packed Split Mung Beans Curry from Sri Lanka (Mung Piyali Curry),"Protein packed Split Mung Beans Curry from Sri Lanka,Vegetarian curry recipes with protein,Sri Lankan recipes,Sri lankan mung piyali curry recipe",written byAmila Gamage Wickramarachchi,"March 19, 2014",,,,,2-3,Asian-Style Fish Curries: Traditional Techniques and Modern Adaptations; 8 Best Sri Lankan Salad Recipes to add to your Meal; The Benefits of Mindful Eating; The Best Destinations in the World for Foodies to Visit; The Top Foods To Put On Your Barbeque For The Best Taste Here In Thailand,"If you use store bought split mung beans, then dry toast it before you cook.; Here are the steps to follow.; Heat a pan & toast split beans (Mung piyali) until mung beans are slightly brown and emits good aroma. Then add toasted split mung beans Â Â into water & soak for about 1 hr.","Blogging Tips, Food & Travel, Health & Fitness, Reviews, Vegetables and Pulses",https://foodcnr.com/split-mung-beans-curry-sri-lanka/,https://foodcnr.com/wp-content/uploads/2017/02/Sri-Lankan-Split-Mung-Beans-Curry.jpg
Pol Sambola in a Traditional Sri Lankan Kitchen,"Pol Sambola in a Traditional Sri Lankan Kitchen,Sri Lankan recipes,must try Sri Lankan food in Sri Lanka,Food Corner recipe blog",written byAmila Gamage Wickramarachchi,"July 15, 2018",,,,,,Asian-Style Fish Curries: Traditional Techniques and Modern Adaptations; 8 Best Sri Lankan Salad Recipes to add to your Meal; The Benefits of Mindful Eating; The Best Destinations in the World for Foodies to Visit; The Top Foods To Put On Your Barbeque For The Best Taste Here In Thailand,,"Blogging Tips, Food & Travel, Health & Fitness, Reviews, sri lanka",https://foodcnr.com/pol-sambola-in-a-traditional-sri-lankan-kitchen/,https://foodcnr.com/wp-content/uploads/2014/06/Coconut-chutney-Sri-Lanka.jpg
Sri Lankan Long Beans Curry / Ma Karal curry,"Long Beans curry or commonly called as Ma Karal curry is another tasty vegetable dish from Sri Lanka,Sri Lankan curry recipes from Food Corner blog.",written byAmila Gamage Wickramarachchi,"May 5, 2016",,,,,2-3,Asian-Style Fish Curries: Traditional Techniques and Modern Adaptations; 8 Best Sri Lankan Salad Recipes to add to your Meal; The Benefits of Mindful Eating; The Best Destinations in the World for Foodies to Visit; The Top Foods To Put On Your Barbeque For The Best Taste Here In Thailand,,"Blogging Tips, Food & Travel, Health & Fitness, Reviews, Vegetables and Pulses",https://foodcnr.com/sri-lankan-long-beans-curry-ma-karal-curry/,https://foodcnr.com/wp-content/uploads/2013/01/Sri-Lankan-Long-Beans-Curry-e1477295572664.jpg
Spicy Prawns in Chili Sauce,"Spicy Prawns in Chili Sauce,Sri Lankan style spicy prawn recipes,Seafood recipes, Food Corner Sri Lankan recipes,",written byAmila Gamage Wickramarachchi,"April 16, 2011",,,,,,Asian-Style Fish Curries: Traditional Techniques and Modern Adaptations; 8 Best Sri Lankan Salad Recipes to add to your Meal; The Benefits of Mindful Eating; The Best Destinations in the World for Foodies to Visit; The Top Foods To Put On Your Barbeque For The Best Taste Here In Thailand,,"Blogging Tips, Food & Travel, Health & Fitness, Reviews, Seafood Recipes",https://foodcnr.com/spicy-prawns-in-chili-sauce/,https://foodcnr.com/wp-content/uploads/2014/06/Spicy-Prawns-in-Chilly-Sauce5.jpg
Katta Sambola (Sri Lankan Chili Paste),"Katta Sambola (Sri Lankan Chili Paste),Katta sambola is a mix of chili,onion and salt which is a main dish of Sri Lankan Cuisine.Sri Lankan recipes online.",written byAmila Gamage Wickramarachchi,"May 5, 2016",,,,,,Asian-Style Fish Curries: Traditional Techniques and Modern Adaptations; 8 Best Sri Lankan Salad Recipes to add to your Meal; The Benefits of Mindful Eating; The Best Destinations in the World for Foodies to Visit; The Top Foods To Put On Your Barbeque For The Best Taste Here In Thailand,,"Blogging Tips, Food & Travel, Health & Fitness, Reviews, Sambola & Chutney Recipes",https://foodcnr.com/katta-sambola-sri-lankan-chili-paste/,https://foodcnr.com/wp-content/uploads/2016/07/Sri-Lankan-Katta-Sambola-Recipe.jpg
Sri Lankan Tomato Curry (Thakkali Curry),"Sri Lankan Tomato Curry (Thakkali Curry) is one of the Curry dishes from Sri Lanka.Vegetarian recipes from Sri Lankan recipes blog,Tomato curry for rice",written byAmila Gamage Wickramarachchi,"July 17, 2019",,,,,3,Asian-Style Fish Curries: Traditional Techniques and Modern Adaptations; 8 Best Sri Lankan Salad Recipes to add to your Meal; The Benefits of Mindful Eating; The Best Destinations in the World for Foodies to Visit; The Top Foods To Put On Your Barbeque For The Best Taste Here In Thailand,,"Blogging Tips, Food & Travel, Health & Fitness, Reviews, Vegetables and Pulses",https://foodcnr.com/sri-lankan-tomato-curry-thakkali-curry/,https://foodcnr.com/wp-content/uploads/2016/05/Tomato-curry.jpg
Spicy Chicken Curry with Curd,"Spicy Chicken Curry with Curd,Chicken curry recipes,Sri Lankan Chicken curry recipes,Sri Lankan recipes blog,Food Corner Sri Lankan food blog",written byAmila Gamage Wickramarachchi,"January 21, 2013",,,,,,Asian-Style Fish Curries: Traditional Techniques and Modern Adaptations; 8 Best Sri Lankan Salad Recipes to add to your Meal; The Benefits of Mindful Eating; The Best Destinations in the World for Foodies to Visit; The Top Foods To Put On Your Barbeque For The Best Taste Here In Thailand,,"Blogging Tips, Food & Travel, Health & Fitness, Reviews, Chicken Recipes",https://foodcnr.com/spicy-chicken-curry-with-curd/,https://foodcnr.com/wp-content/uploads/2016/05/Chicken-curry-sri-lanka.jpg
Sweet Potato Leaves Stir Fry (Bathala Kola Recipe),"Sweet Potato Leaves Stir Fry,Sri Lankan Bathala Kola Stir Fry recipe,Edible greens recipes Sri Lankan Style,Sri Lankan Recipe Blog",written byAmila Gamage Wickramarachchi,"August 25, 2014",,,,,,Asian-Style Fish Curries: Traditional Techniques and Modern Adaptations; 8 Best Sri Lankan Salad Recipes to add to your Meal; The Benefits of Mindful Eating; The Best Destinations in the World for Foodies to Visit; The Top Foods To Put On Your Barbeque For The Best Taste Here In Thailand,"Wash sweet potato leaves properly.; Remove the stems which are mature or hard.Cut it coarsely and set aside to drain excess water.; Slice onion, chop garlic and keep aside.Now it is time to cook!","Blogging Tips, Food & Travel, Health & Fitness, Reviews, Sambola & Chutney Recipes",https://foodcnr.com/sweet-potatoes-leaves-stir-fry-bathala-kola-recipe/,https://foodcnr.com/wp-content/uploads/2016/04/Sweet-Potatoes-Leaves-Stir-Fry.jpg
Sri Lankan Alu Puhul Curry â€“ Winter Melon Curry,Alu Puhul as we call in Sri Lanka or Winter Melon/Ash gourd in English is a fruit /vegetable gives delicious curry when we cook it with Sri Lankan spices.,written byAmila Gamage Wickramarachchi,"July 15, 2018",,,,,3-4,Sri Lankan Sweets and Treats for April New Year; Red Kidney Beans Curry in Sri Lankan Style; Beetroot Carrot Mung Parippu Stir Fry; 6 Sri Lankan Food Recipes which are Easy to Cook; Sri Lankan Kiri Ala Curry (Taro Roots Curry),"Ash Gourd Curry / Alu puhul Curry; So, here is the winter melon curry recipe.Please let me know the outcome if you try it.; Ingredients: (for 3-4 servings)","Blogging Tips, Food & Travel, Health & Fitness, Reviews, Vegetables and Pulses",https://foodcnr.com/sri-lankan-alu-puhul-curry-winter-melon-curry/,https://foodcnr.com/wp-content/uploads/2016/01/DSC08171.jpg
Sri Lankan Coconut Sambol with Green Chili,"Sri Lankan Coconut Sambol with Green Chili,Pol sambola with amu miris,Those Sambola,Green Chili coconut sambol,Sri Lankan Recipes",written byAmila Gamage Wickramarachchi,"August 21, 2011",,,,,5,Asian-Style Fish Curries: Traditional Techniques and Modern Adaptations; 8 Best Sri Lankan Salad Recipes to add to your Meal; The Benefits of Mindful Eating; The Best Destinations in the World for Foodies to Visit; The Top Foods To Put On Your Barbeque For The Best Taste Here In Thailand,,"Blogging Tips, Food & Travel, Health & Fitness, Reviews, Pickle Recipes",https://foodcnr.com/sri-lankan-coconut-sambol-with-green-chili/,https://foodcnr.com/wp-content/uploads/2015/12/DSC08501.jpg
Devilled Fish Balls,"Devilled Fish Balls recipe in Sri Lankan style,Sri Lankan recipes for devilled dishes.spicy fish balls recipe,Deval recipes,Fish balls recipes,",written byAmila Gamage Wickramarachchi,"November 7, 2012",,,,,1,Asian-Style Fish Curries: Traditional Techniques and Modern Adaptations; 8 Best Sri Lankan Salad Recipes to add to your Meal; The Benefits of Mindful Eating; The Best Destinations in the World for Foodies to Visit; The Top Foods To Put On Your Barbeque For The Best Taste Here In Thailand,"Slice onion & green chili into bite size pieces. Keep aside.In a bowl, mix tomato sauce, soy sauce, chili flakes and warm water together.Adjust the amount of chili flakes if you need it to be spicier or less spicy. Keep this sauce aside.In a pan, heat 2-3 teaspoons of oil. When oil is hot, add fish balls and fry well till it is cooked and slightly brown.Then add ginger garlic paste. When it starts to emit aroma, add sliced onion & chili .Mix well.Once all are mixed well, add the sauce mixture .Mix well till all combine well.Add salt & pepper as required.Serve it hot as a side or as an appetizer!; Also check this most popularChicken Devilled recipetoo.; DevilledDevilled Fish BallsFishFish ballsStir Fry","Blogging Tips, Food & Travel, Health & Fitness, Reviews, Appetizers and Snacks",https://foodcnr.com/devilled-fish-balls/,https://foodcnr.com/wp-content/uploads/2015/11/Spicy-fish-balls.jpg
Kathurumurunga Leaves Salad,Kathurumurunga leaves salad or Kathurumurunga kola saladaya is a Sri Lankan recipe of cooking this edible leaves.Sri Lankan recipes are with lot of 'salada',written byAmila Gamage Wickramarachchi,"September 7, 2017",,,,,,Asian-Style Fish Curries: Traditional Techniques and Modern Adaptations; 8 Best Sri Lankan Salad Recipes to add to your Meal; The Benefits of Mindful Eating; The Best Destinations in the World for Foodies to Visit; The Top Foods To Put On Your Barbeque For The Best Taste Here In Thailand,,"Blogging Tips, Food & Travel, Health & Fitness, Reviews, Salad Recipes",https://foodcnr.com/kathurumurunga-leaves-salad/,https://foodcnr.com/wp-content/uploads/2015/11/DSC08471.jpg
Sri Lankan Kos ata kalu pol curry (jackfruit seeds curry),"Sri Lankan Kos ata kalu pol curry (jackfruit seeds curry),Kos ata (Jackfruit seeds) are another healthy and delicious ingredient for Sri Lankan cooking,Truly Sri Lankan Recipes",written byAmila Gamage Wickramarachchi,"January 1, 2013",,,,,,Asian-Style Fish Curries: Traditional Techniques and Modern Adaptations; 8 Best Sri Lankan Salad Recipes to add to your Meal; The Benefits of Mindful Eating; The Best Destinations in the World for Foodies to Visit; The Top Foods To Put On Your Barbeque For The Best Taste Here In Thailand,,"Blogging Tips, Food & Travel, Health & Fitness, Reviews, Vegetables and Pulses",https://foodcnr.com/sri-lankan-kos-ata-kalu-pol-curry-jackfruit-seeds-curry/,https://foodcnr.com/wp-content/uploads/2015/11/DSC06449.jpg
Sri Lankan Dhal Curry with Green Chilli-Parippu Curry,"Sri Lankan Dhal Curry with Green Chilli-Parippu Curry,Sri Lankan Recipes,Red Lentil curry,Parippu curry or dhal curry is one of the popular ways of cooking red lentils in Sri Lanka.",written byAmila Gamage Wickramarachchi,"November 19, 2015",,,,,,Asian-Style Fish Curries: Traditional Techniques and Modern Adaptations; 8 Best Sri Lankan Salad Recipes to add to your Meal; The Benefits of Mindful Eating; The Best Destinations in the World for Foodies to Visit; The Top Foods To Put On Your Barbeque For The Best Taste Here In Thailand,,"Blogging Tips, Food & Travel, Health & Fitness, Reviews, Vegetables and Pulses",https://foodcnr.com/sri-lankan-dhal-curry-with-green-chilli-parippu-curry/,https://foodcnr.com/wp-content/uploads/2015/10/Mild-spicy-dhal-curry.jpg
Hall Masso and Malu Miris Stir Fry (Dried Sprats and Banana Peppers),"Hall Masso and Malu Miris Stir Fry,Dried Sprats and Banana Peppers stir fry,Truly Sri Lankan Recipes,Sri Lankan recipes site",written byAmila Gamage Wickramarachchi,"July 10, 2011",,,,,3-4,Asian-Style Fish Curries: Traditional Techniques and Modern Adaptations; 8 Best Sri Lankan Salad Recipes to add to your Meal; The Benefits of Mindful Eating; The Best Destinations in the World for Foodies to Visit; The Top Foods To Put On Your Barbeque For The Best Taste Here In Thailand,,"Blogging Tips, Food & Travel, Health & Fitness, Reviews, Seafood Recipes",https://foodcnr.com/hall-masso-and-malu-miris-stir-fry-dried-sprats-and-banana-peppers/,https://foodcnr.com/wp-content/uploads/2015/08/Hal-Masso-Thel-Dala.jpg
Sri Lankan Eggplant Curry,"Eggplant Curry in Sri Lankan Style,Sri Lankan Eggplant Curry,Sri Lankan recipes,Sri Lankan food,curry recipes,vegetarian curry recipes",written byAmila Gamage Wickramarachchi,"October 7, 2011",,,,,,Asian-Style Fish Curries: Traditional Techniques and Modern Adaptations; 8 Best Sri Lankan Salad Recipes to add to your Meal; The Benefits of Mindful Eating; The Best Destinations in the World for Foodies to Visit; The Top Foods To Put On Your Barbeque For The Best Taste Here In Thailand,,"Blogging Tips, Food & Travel, Health & Fitness, Reviews, Vegetables and Pulses",https://foodcnr.com/sri-lankan-eggplant-curry/,https://foodcnr.com/wp-content/uploads/2015/07/Sri-Lankan-Brinjal-Curry-Recipe.jpg
Sri Lankan Fish Curry /Malu Kirata,"Sri Lankan Fish Curry /Malu Kirata,White fish curry ,Malu Kirata,Fish in Coconut Gravy,Sri Lankan Food Recipes,Sri Lankan baby food recipes",written byAmila Gamage Wickramarachchi,"October 1, 2012",,,,,3-4,Asian-Style Fish Curries: Traditional Techniques and Modern Adaptations; 8 Best Sri Lankan Salad Recipes to add to your Meal; The Benefits of Mindful Eating; The Best Destinations in the World for Foodies to Visit; The Top Foods To Put On Your Barbeque For The Best Taste Here In Thailand,,"Blogging Tips, Food & Travel, Health & Fitness, Reviews, Fish Recipes",https://foodcnr.com/sri-lankan-fish-curry-malu-kirata/,https://foodcnr.com/wp-content/uploads/2015/07/Malu-Kirata-recipe-Sri-Lanka.jpg
Sri Lankan Cowpea Curry with Coconut Paste,If you look for Sri Lankan recipes for cowpea or Kawpi curry then try this.This Sri Lankan Cowpea Curry with Coconut Paste is thick in gravy.,written byAmila Gamage Wickramarachchi,"November 4, 2013",,,,,3,Sri Lankan Sweets and Treats for April New Year; Red Kidney Beans Curry in Sri Lankan Style; Beetroot Carrot Mung Parippu Stir Fry; 6 Sri Lankan Food Recipes which are Easy to Cook; Sri Lankan Kiri Ala Curry (Taro Roots Curry),,"Blogging Tips, Food & Travel, Health & Fitness, Reviews, Vegetables and Pulses",https://foodcnr.com/sri-lankan-cowpea-curry-with-coconut-paste/,https://foodcnr.com/wp-content/uploads/2015/07/Blackeyed-beans-curry-recipe.jpg
